_id,code,date,name,market_key,market_name,sector_key,sector_name,url,p_kari,v_kobo,p_uri,v_uri,unit
6600,6600,2020/10/06,キオクシアホールディングス（株）,undec,未定,ela,電気機器,https://www.kioxia-holdings.com/,,"21,562.5",,"66,068.9(OA7,886.9)",100
7354,7354,2020/10/05,（株）ダイレクトマーケティングミックス,undec,未定,svc,サービス,https://dmix.co.jp/,,,,"7,845.9(OA1,176.8)",100
2987,2987,2020/10/02,（株）タスキ,mothers,マザーズ,ree,不動産,https://tasukicorp.co.jp,,300,,(OA45),100
4012,4012,2020/09/30,（株）アクシス,mothers,マザーズ,ifc,情報・通信,https://www.axis-net.co.jp/,,78,,440(OA77.7),100
4011,4011,2020/09/29,（株）ヘッドウォータース,mothers,マザーズ,ifc,情報・通信,https://www.headwaters.co.jp/,,100,,(OA15),100
4060,4060,2020/09/28,rakumo（株）,mothers,マザーズ,ifc,情報・通信,https://corporate.rakumo.com/,"1,100～1,250",266.4,,"1,059.6(OA198.9)",100
4933,4933,2020/09/25,（株）Ｉ－ｎｅ,mothers,マザーズ,che,化学,https://i-ne.co.jp/,,"1,713.6",,428.4(OA321.3),100
2932,2932,2020/09/25,（株）ＳＴＩフードホールディングス,tse2,東証二部,fds,食料品,https://www.shintokyo.co.jp/,"1,790～1,900",300.5,,"1,000(OA195)",100
4930,4930,2020/09/24,（株）グラフィコ,jasdaqst,JQスタンダード,che,化学,https://www.graphico.co.jp/,"3,850～4,090",80,,200(OA42),100
4059,4059,2020/09/24,（株）まぐまぐ,jasdaqst,JQスタンダード,ifc,情報・通信,https://www.mag2.co.jp/,730～810,530,,120(OA30),100
4058,4058,2020/09/24,トヨクモ（株）,mothers,マザーズ,ifc,情報・通信,https://toyokumo.co.jp//,"1,800～2,000",300,,200(OA50),100
1375,1375,2020/09/17,（株）雪国まいたけ,undec,未定,faf,水産・農林,https://www.maitake.co.jp/,"2,000～2,400",,,"17,672.7(OA2,650.8)",100
4057,4057,2020/08/25,（株）インターファクトリー,mothers,マザーズ,ifc,情報・通信,https://www.interfactory.co.jp/,870～960,466,960,500(OA144.9),100
4056,4056,2020/08/20,ニューラルポケット（株）,mothers,マザーズ,ifc,情報・通信,https://www.neuralpocket.com/,800～900,415,900,133.6(OA82.2),100
4055,4055,2020/08/07,ティアンドエス（株）,mothers,マザーズ,ifc,情報・通信,https://www.tecsvc.co.jp/,"2,650～2,800",170,"2,800",77(OA30),100
4883,4883,2020/08/03,（株）モダリス,mothers,マザーズ,pha,医薬品,https://www.modalistx.com/jp/,"1,000～1,200","2,100","1,200",600(OA405),100
4054,4054,2020/07/31,日本情報クリエイト（株）,mothers,マザーズ,ifc,情報・通信,https://www.n-create.co.jp/,"1,200～1,300",800,"1,300",690(OA223.5),100
4053,4053,2020/07/31,（株）Sun Asterisk,mothers,マザーズ,ifc,情報・通信,https://sun-asterisk.com/,630～700,"2,050",700,"2,150(OA630)",100
7353,7353,2020/07/15,ＫＩＹＯラーニング（株）,mothers,マザーズ,svc,サービス,https://www.kiyo-learning.com/,"2,070～2,300",300,"2,300",40.2(OA51),100
4495,4495,2020/07/15,（株）アイキューブドシステムズ,mothers,マザーズ,ifc,情報・通信,https://www.i3-systems.com/,"2,720～3,120",150,"3,120",(OA22.5),100
4051,4051,2020/07/15,GMOフィナンシャルゲート（株）,mothers,マザーズ,ifc,情報・通信,https://gmo-fg.com/,"2,420～2,540",240,"2,540",208.8(OA67.3),100
4499,4499,2020/07/10,（株）Speee,jasdaqst,JQスタンダード,ifc,情報・通信,https://speee.jp/,"2,520～2,880",855.6,"2,880",120(OA146.3),100
7352,7352,2020/07/07,（株）Branding Engineer,mothers,マザーズ,svc,サービス,https://b-engineer.co.jp/,450～490,260,490,136.2(OA40),100
7351,7351,2020/06/30,（株）グッドパッチ,mothers,マザーズ,svc,サービス,https://goodpatch.com/,610～690,308.9,690,350.9(OA98.9),100
6599,6599,2020/06/29,エブレン（株）,jasdaqst,JQスタンダード,ela,電気機器,https://ebrain.co.jp/,"1,200～1,350",142.9,"1,350",127(OA40.4),100
4496,4496,2020/06/26,（株）コマースOneホールディングス,mothers,マザーズ,ifc,情報・通信,https://www.cm-one.jp/,"1,400～1,600",150,"1,600",384(OA80.1),100
7689,7689,2020/06/24,（株）コパ・コーポレーション,mothers,マザーズ,wht,卸売,https://www.copa.co.jp/,"1,850～2,000",320,"2,000",300(OA93),100
4497,4497,2020/06/24,（株）ロコガイド,mothers,マザーズ,ifc,情報・通信,https://locoguide.co.jp,"1,800～2,000","2,346.7","2,000",(OA244),100
4052,4052,2020/06/24,フィーチャ（株）,mothers,マザーズ,ifc,情報・通信,http://ficha.jp,470～520,150,520,430(OA87),100
3802,3802,2020/04/28,（株）エコミック,jasdaqst,JQスタンダード,ifc,情報・通信,https://www.ecomic.jp/,,240,829,(OA30),100
2984,2984,2020/04/28,ヤマイチエステート（株）,tse2,東証二部,ree,不動産,https://www.yg801.jp/,,"2,000",,300(OA345),100
7097,7097,2020/04/24,（株）さくらさくプラス,mothers,マザーズ,svc,サービス,https://www.sakurasakuplus.jp/,"1,150～1,430",297,,296.3(OA88.9),100
6230,6230,2020/04/24,ＳＡＮＥＩ（株）,tse2,東証二部,mac,機械,http://www.sanei.ltd/,,260,,200(OA69),100
6598,6598,2020/04/23,（株）スマート・ソリューション・テクノロジー,mothers,マザーズ,ela,電気機器,https://www.sstinc.co.jp/,,340,,40(OA57),100
2983,2983,2020/04/22,（株）アールプランナー,mothers,マザーズ,ree,不動産,https://www.arrplanner.co.jp/,,270,,130(OA60),100
4498,4498,2020/04/17,サイバートラスト（株）,mothers,マザーズ,ifc,情報・通信,https://www.cybertrust.co.jp,,150,,200(OA52.5),100
7096,7096,2020/04/09,（株）ステムセル研究所,mothers,マザーズ,svc,サービス,https://www.stemcell.co.jp/corporate/,,256.2,,573.1(OA124.3),100
4932,4932,2020/04/08,（株）アルマード,mothers,マザーズ,che,化学,https://www.almado.co.jp/,,50,,"5,350(OA810)",100
7317,7317,2020/04/06,（株）松屋アールアンドディ,mothers,マザーズ,tre,輸送用機器,http://matsuyard.com/,910～960,280,910,343(OA93.4),100
7095,7095,2020/03/31,（株）Ｍａｃｂｅｅ　Ｐｌａｎｅｔ,mothers,マザーズ,svc,サービス,https://macbee-planet.com/,"1,830～1,990",370,"1,830",633.5(OA150.5),100
7094,7094,2020/03/30,（株）NexTone,mothers,マザーズ,svc,サービス,https://www.nex-tone.co.jp/,"1,500～1,700",375,"1,700",550.7(OA138.8),100
4494,4494,2020/03/30,バリオセキュア（株）,tse2,東証二部,ifc,情報・通信,https://www.variosecure.net/,"1,600～1,700",,,"1,455(OA218.2)",100
7093,7093,2020/03/26,アディッシュ（株）,mothers,マザーズ,svc,サービス,https://www.adish.co.jp/,"1,110～1,230",237,"1,230",68(OA30),100
4493,4493,2020/03/26,（株）サイバーセキュリティクラウド,mothers,マザーズ,ifc,情報・通信,https://www.cscloud.co.jp/,"4,240～4,500",70,"4,500",,100
4432,4432,2020/03/26,ウイングアーク１ｓｔ（株）,undec,未定,ifc,情報・通信,https://www.wingarc.com/,,,,"15,517.1(OA1,317.4)",100
5071,5071,2020/03/25,（株）ヴィス,mothers,マザーズ,con,建設,https://vis-produce.com/,820～900,"1,300",820,650(OA292.5),100
5690,5690,2020/03/24,リバーホールディングス（株）,tse2,東証二部,ias,鉄鋼,https://www.re-ver.co.jp/,920～960,"4,247.2",960,575.6(OA723.4),100
4882,4882,2020/03/24,（株）ペルセウスプロテオミクス,mothers,マザーズ,pha,医薬品,https://www.ppmx.com,540～600,"1,575",,(OA236),100
8108,8108,2020/03/23,ヤマエ久野（株）,tse1,東証一部,wht,卸売,https://www.yamaehisano.co.jp/,,3043.5,"1,314",(OA456.5),100
9326,9326,2020/03/19,（株）関通,mothers,マザーズ,wht,倉庫・運輸,https://www.kantsu.com/,470～490,600,490,250(OA127.5),100
5368,5368,2020/03/19,日本インシュレーション（株）,tse2,東証二部,,-,http://www.jic-bestork.co.jp,920～940,"1,050",940,(OA157.5),100
4492,4492,2020/03/19,（株）ゼネテック,jasdaqst,JQスタンダード,ifc,情報・通信,https://www.genetec.co.jp/,"1,600～1,700",312,"1,700",129.3(OA66.1),100
7092,7092,2020/03/18,（株）Fast Fitness Japan,mothers,マザーズ,svc,サービス,https://fastfitnessjapan.jp/,"2,560～2,960","1,600","2,960",200(OA270),100
7688,7688,2020/03/17,ミアヘルサ（株）,jasdaqst,JQスタンダード,ret,小売,https://www.merhalsa.jp,"2,030～2,330",300,"2,330",300(OA90),100
7091,7091,2020/03/17,（株）リビングプラットフォーム,mothers,マザーズ,svc,サービス,http://www.living-platform.com/,"3,530～3,900",155,"3,900",136(OA43.6),100
5070,5070,2020/03/17,（株）ドラフト,mothers,マザーズ,con,建設,https://draft.co.jp/,"1,520～1,580",720,"1,580",460(OA177),100
7687,7687,2020/03/16,（株）ミクリード,mothers,マザーズ,wht,卸売,https://corp.micreed.co.jp/,790～890,50,890,882(OA139.8),100
7090,7090,2020/03/13,（株）リグア,mothers,マザーズ,svc,サービス,http://ligua.jp/,"1,850～1,950",275,"1,950",25(OA45),100
7089,7089,2020/03/13,フォースタートアップス（株）,mothers,マザーズ,svc,サービス,https://forstartups.com/,"1,700～1,770",200,"1,770",600(OA120),100
6231,6231,2020/03/13,木村工機（株）,tse2,東証二部,mac,機械,https://www.kimukoh.co.jp/,"2,300～2,400",249,"2,400",100(OA51),100
4491,4491,2020/03/11,コンピューターマネージメント（株）,jasdaqst,JQスタンダード,ifc,情報・通信,https://www.cmknet.co.jp/,"2,630～2,750",187.2,"2,750",179.6(OA55),100
4490,4490,2020/03/10,（株）ビザスク,mothers,マザーズ,ifc,情報・通信,https://visasq.co.jp/,"1,300～1,500",500,"1,500","1,721(OA333)",100
7088,7088,2020/03/09,（株）フォーラムエンジニアリング,tse1,東証一部,svc,サービス,https://www.forumeng.co.jp/,"1,310～1,400",,"1,310","9,673.6(OA674.8)",100
7087,7087,2020/03/06,（株）ウイルテック,tse2,東証二部,svc,サービス,https://www.willtec.jp/,"1,100～1,200",888.5,"1,200",900(OA268.1),100
7086,7086,2020/03/06,（株）きずなホールディングス,mothers,マザーズ,svc,サービス,https://www.kizuna-hd.co.jp/,"2,200～2,320",50,"2,320","1,697.2(OA262)",100
7084,7084,2020/03/04,（株）Kids Smile Holdings,mothers,マザーズ,svc,サービス,https://www.kidssmile-hd.co.jp/,"2,160～2,260",450,"2,260",350(OA120),100
7085,7085,2020/03/02,（株）カーブスホールディングス,tse1,東証一部,svc,サービス,https://www.curvesholdings.co.jp/,720～750,"2,415",750,(OA362),100
7083,7083,2020/02/25,ＡＨＣグループ（株）,mothers,マザーズ,svc,サービス,https://ahc.co.jp/,"2,000～2,200",460,"2,200",100(OA84),100
7082,7082,2020/02/07,（株）ジモティー,mothers,マザーズ,svc,サービス,https://jmty.co.jp/,"960～1,000",50,"1,000","1,220.7(OA190.6)",100
7081,7081,2020/02/07,コーユーレンティア（株）,jasdaqst,JQスタンダード,svc,サービス,https://www.koyou.co.jp/,"1,740～1,890",800,"1,890",200(OA150),100
7080,7080,2019/12/26,（株）スポーツフィールド,mothers,マザーズ,svc,サービス,https://www.sports-f.co.jp/,"2,570～2,730",65.6,"2,730",236.2(OA45.2),100
7079,7079,2019/12/25,ＷＤＢココ（株）,mothers,マザーズ,svc,サービス,https://www.wdbcoco.com/,"1,390～1,530",285,"1,530",287(OA85.8),100
4488,4488,2019/12/25,AI inside（株）,mothers,マザーズ,ifc,情報・通信,https://inside.ai/,"3,000～3,600",300,"3,600",200(OA75),100
7686,7686,2019/12/23,（株）カクヤス,tse2,東証二部,wht,卸売,https://corp.kakuyasu.co.jp/,"1,520～1,600",285,"1,600","1,757(OA306.3)",100
6557,6557,2019/12/23,（株）global bridge HOLDINGS,mothers,マザーズ,svc,サービス,https://globalbridge-hd.com/,"2,590～2,690",50,"2,690",599.9(OA97.4),100
7078,7078,2019/12/20,INCLUSIVE（株）,mothers,マザーズ,svc,サービス,https://www.inclusive.co.jp,"2,010～2,110",200,"2,110",225(OA63.7),100
4881,4881,2019/12/20,（株）ファンペップ,cancel,承認取消,pha,医薬品,http://www.funpep.co.jp/,,"4,505",,(OA675),100
4487,4487,2019/12/20,（株）スペースマーケット,mothers,マザーズ,ifc,情報・通信,https://spacemarket.co.jp/,520～590,520,590,"1,274.7(OA269.2)",100
2981,2981,2019/12/19,（株）ランディックス,mothers,マザーズ,ree,不動産,https://landix.jp/,"1,530～1,630",400,"1,630",250(OA97.5),100
2980,2980,2019/12/19,SREホールディングス（株）,mothers,マザーズ,ree,不動産,https://sre-group.co.jp/,"2,550～2,650","1,400","2,650","3,084.6(OA672.6)",100
7685,7685,2019/12/18,（株）BuySell Technologies,mothers,マザーズ,wht,卸売,https://buysell-technologies.com,"1,790～1,930",445,"1,930",225(OA100.5),100
4486,4486,2019/12/18,ユナイトアンドグロウ（株）,mothers,マザーズ,ifc,情報・通信,https://www.ug-inc.net/,"1,210～1,270",367.4,"1,270",102(OA70.4),100
4485,4485,2019/12/18,（株）ＪＴＯＷＥＲ,mothers,マザーズ,ifc,情報・通信,https://www.jtower.co.jp/,"1,550～1,600","2,987","1,600","2,906.3(OA883.9)",100
4482,4482,2019/12/17,（株）ウィルズ,mothers,マザーズ,ifc,情報・通信,https://www.wills-net.co.jp/,910～960,100,960,220(OA48),100
4478,4478,2019/12/17,フリー（株）,mothers,マザーズ,ifc,情報・通信,https://corp.freee.co.jp/,"1,800～2,000","5,435.2","2,000","12,041.1(OA1,089.7)",100
4484,4484,2019/12/16,ランサーズ（株）,mothers,マザーズ,ifc,情報・通信,https://www.lancers.co.jp/,660～730,"1,600",730,"1,008.7(OA391.3)",100
4483,4483,2019/12/16,（株）ＪＭＤＣ,mothers,マザーズ,ifc,情報・通信,https://www.jmdc.co.jp/,"2,780～2,950","2,000","2,950","3,100(OA765)",100
4481,4481,2019/12/16,ベース（株）,tse2,東証二部,ifc,情報・通信,http://www.basenet.co.jp/,"4,600～4,700",280,"4,700",15(OA44.2),100
4480,4480,2019/12/12,（株）メドレー,mothers,マザーズ,ifc,情報・通信,https://www.medley.jp/,"1,280～1,300","2,530","1,300","11,230(OA2,064)",100
4479,4479,2019/12/11,（株）マクアケ,mothers,マザーズ,ifc,情報・通信,https://www.makuake.co.jp/,"1,500～1,550",980,"1,550","1,565(OA381.7)",100
7077,7077,2019/12/10,（株）ＡＬｉＮＫインターネット,mothers,マザーズ,svc,サービス,https://www.alink.ne.jp/,"1,560～1,700",150,"1,700",355.2(OA75.7),100
3449,3449,2019/12/10,（株）テクノフレックス,tse2,東証二部,mep,金属製品,http://www.technoflex.co.jp/,870～900,200,900,"2,150(OA350)",100
7074,7074,2019/11/21,（株）トゥエンティーフォーセブン,mothers,マザーズ,svc,サービス,https://247group.co.jp/,"3,270～3,420",500,"3,420",485(OA147.7),100
7683,7683,2019/11/01,（株）ダブルエー,mothers,マザーズ,ret,小売,https://www.wa-jp.com/,"4,490～4,690",700,"4,690",200(OA135),100
4251,4251,2019/10/30,恵和（株）,tse2,東証二部,che,化学,https://www.keiwa.co.jp/,700～770,"1,500",770,483(OA297.4),100
7073,7073,2019/10/29,（株）ジェイック,mothers,マザーズ,svc,サービス,http://www.jaic-g.com/,"4,610～4,750",71.5,"4,750",71.5(OA21.4),100
4880,4880,2019/10/28,セルソース（株）,mothers,マザーズ,pha,医薬品,https://www.cellsource.co.jp/,"2,180～2,280",480,"2,280",(OA72),100
4477,4477,2019/10/25,BASE（株）,mothers,マザーズ,ifc,情報・通信,https://binc.jp/,"1,150～1,300",522.6,"1,300","6,704.8(OA1,084.1)",100
7072,7072,2019/10/24,（株）インティメート・マージャー,mothers,マザーズ,svc,サービス,https://corp.intimatemerger.com/,"1,700～1,900",260,"1,900",(OA39),100
7682,7682,2019/10/18,（株）浜木綿,jasdaqst,JQスタンダード,ret,小売,http://www.hamayuu.co.jp,"2,020～2,120",310,"2,120",158(OA70.2),100
4691,4691,2019/10/18,ワシントンホテル（株）,tse2,東証二部,svc,サービス,https://www.washingtonhotel.co.jp/,"1,280～1,310","1,800","1,310",(OA270),100
7071,7071,2019/10/09,（株）アンビスホールディングス,jasdaqst,JQスタンダード,svc,サービス,https://www.amvis.co.jp/,"2,610～2,800","1,000","2,800",100(OA165),100
4476,4476,2019/10/08,AI CROSS（株）,mothers,マザーズ,ifc,情報・通信,https://aicross.co.jp/,"990～1,090",450,"1,090",158.5(OA91.2),100
4475,4475,2019/10/08,HENNGE（株）,mothers,マザーズ,ifc,情報・通信,https://hennge.com/jp/,"1,200～1,400",50,"1,400","1,258(OA196.2)",100
7959,7959,2019/10/07,（株）オリバー,tse1,東証一部,otp,その他製品,https://www.oliverinc.co.jp/,,,,,100
7681,7681,2019/10/02,（株）レオクラン,tse2,東証二部,wht,卸売,http://www.leoclan.co.jp/,"2,480～2,700",163,"2,700",260(OA63.4),100
4450,4450,2019/10/01,（株）パワーソリューションズ,mothers,マザーズ,ifc,情報・通信,https://www.powersolutions.co.jp/,"1,870～2,000",285.7,"2,000",(OA42.8),100
6597,6597,2019/09/26,HPCシステムズ（株）,mothers,マザーズ,ela,電気機器,https://www.hpc.co.jp/,"1,930～1,990",50,"1,990","2,731.4(OA417.1)",100
4448,4448,2019/09/24,Chatwork（株）,mothers,マザーズ,ifc,情報・通信,https://corp.chatwork.com/ja/,"1,440～1,600",600,"1,600","7,900(OA1,275)",100
4449,4449,2019/09/20,（株）ギフティ,mothers,マザーズ,ifc,情報・通信,https://giftee.co.jp/,"1,300～1,500",800,"1,500","3,590.7(OA658.6)",100
7800,7800,2019/09/19,（株）アミファ,jasdaqst,JQスタンダード,otp,その他製品,https://www.amifa.co.jp/,620～660,455,660,500(OA143.2),100
7069,7069,2019/09/19,（株）サイバー・バズ,mothers,マザーズ,svc,サービス,https://www.cyberbuzz.co.jp/,"2,000～2,300",370,"2,300",224.5(OA89.1),100
4599,4599,2019/08/09,（株）ステムリム,mothers,マザーズ,pha,医薬品,https://stemrim.com/,"1,000～1,700","8,100","1,000","300(OA1,260)",100
2978,2978,2019/07/31,（株）ツクルバ,mothers,マザーズ,ree,不動産,https://tsukuruba.com/,"1,900～2,050",535,"2,050","1,380(OA287.2)",100
7803,7803,2019/07/29,（株）ブシロード,mothers,マザーズ,otp,その他製品,https://bushiroad.co.jp/,"1,840～1,890","2,100","1,890","1,683(OA567.4)",100
7804,7804,2019/07/24,（株）ビーアンドピー,mothers,マザーズ,otp,その他製品,https://www.bandp.co.jp/,"1,900～2,000",300,"2,000",300(OA90),100
4446,4446,2019/07/18,（株）Ｌｉｎｋ－Ｕ,mothers,マザーズ,ifc,情報・通信,https://www.link-u.co.jp/,"2,580～2,820",251,"2,820",262(OA76.9),100
3440,3440,2019/07/16,日創プロニティ（株）,tse2,東証二部,mep,金属製品,https://www.kakou-nisso.co.jp/,,,,,100
7068,7068,2019/07/05,（株）フィードフォース,mothers,マザーズ,svc,サービス,https://www.feedforce.jp/,"1,030～1,150",650,"1,150",30.1(OA101.9),100
4445,4445,2019/06/28,リビン・テクノロジーズ（株）,mothers,マザーズ,ifc,情報・通信,https://www.lvn.co.jp/,"3,700～3,900",90,"3,900",242.5(OA49.8),100
7678,7678,2019/06/27,（株）あさくま,jasdaqst,JQスタンダード,ret,小売,http://www.asakuma.co.jp/,"1,150～1,250",500,"1,250",92.1(OA85),100
4931,4931,2019/06/27,新日本製薬（株）,mothers,マザーズ,che,化学,https://corporate.shinnihonseiyaku.co.jp/,"1,350～1,470",300,"1,470","4,570(OA730)",100
7677,7677,2019/06/26,（株）ヤシマキザイ,tse2,東証二部,wht,卸売,https://www.yashima-co.co.jp/ja/index.html,"1,200～1,280",250,"1,280",551(OA120),100
4444,4444,2019/06/25,（株）インフォネット,mothers,マザーズ,ifc,情報・通信,https://www.e-infonet.jp/,"1,350～1,490",300,"1,490",200(OA75),100
7067,7067,2019/06/21,ブランディングテクノロジー（株）,mothers,マザーズ,svc,サービス,https://www.branding-t.co.jp/,"1,600～1,740",126.2,"1,740",30,100
7066,7066,2019/06/20,（株）ピアズ,mothers,マザーズ,svc,サービス,https://peers.jp/,"3,220～3,620",207,"3,620",179.5(OA57.9),100
4443,4443,2019/06/19,Sansan（株）,mothers,マザーズ,ifc,情報・通信,https://jp.corp-sansan.com/,"4,000～4,500",500,"4,500","7,010(OA1,126.5)",100
1431,1431,2019/06/18,（株）Ｌｉｂ　Ｗｏｒｋ,mothers,マザーズ,con,建設,https://www.libwork.co.jp/,,150,"1,083",(OA22.5),100
7065,7065,2019/06/12,ユーピーアール（株）,tse2,東証二部,svc,サービス,https://www.upr-net.co.jp/,"3,130～3,300",384,"3,300",76.4(OA69),100
4442,4442,2019/05/30,バルテス（株）,mothers,マザーズ,ifc,情報・通信,https://www.valtes.co.jp/,600～660,843,660,203.5(OA156.9),100
7676,7676,2019/04/25,（株）グッドスピード,mothers,マザーズ,ret,小売,https://goodspeed-group.co.jp/,"1,210～1,400",550,"1,400",(OA82.5),100
4441,4441,2019/04/25,トビラシステムズ（株）,mothers,マザーズ,ifc,情報・通信,https://tobila.com/,"2,100～2,400",95,"2,400",689(OA117.6),100
7064,7064,2019/04/24,（株）ハウテレビジョン,mothers,マザーズ,svc,サービス,https://howtelevision.co.jp/,"1,060～1,210",220,"1,210",96(OA47.4),100
4440,4440,2019/04/08,（株）ヴィッツ,mothers,マザーズ,ifc,情報・通信,http://www.witz-inc.co.jp/,"2,260～2,650",340,"2,650",60(OA60),100
4439,4439,2019/04/03,（株）東名,mothers,マザーズ,ifc,情報・通信,https://www.toumei.co.jp/,"3,130～3,290",300,"3,290",50(OA52.5),100
7063,7063,2019/03/29,（株）エードット,mothers,マザーズ,svc,サービス,https://a-dot.co.jp/,"1,010～1,110",550,"1,110",50(OA90),100
4438,4438,2019/03/29,（株）Welby,mothers,マザーズ,ifc,情報・通信,https://welby.jp/,"4,750～5,200",66.7,"5,200",97(OA24.5),100
7674,7674,2019/03/28,（株）ＮＡＴＴＹ ＳＷＡＮＫＹ,mothers,マザーズ,ret,小売,https://nattyswanky.com/,"3,140～3,270",430,"3,270",82(OA76.8),100
7062,7062,2019/03/28,（株）フレアス,mothers,マザーズ,svc,サービス,https://fureasu.jp/,"1,650～1,850",250,"1,850",274(OA78.6),100
7061,7061,2019/03/28,日本ホスピスホールディングス（株）,mothers,マザーズ,svc,サービス,https://www.jhospice.co.jp,"840～1,000",350,"1,000","1,550(OA285)",100
4437,4437,2019/03/25,gooddaysホールディングス（株）,mothers,マザーズ,ifc,情報・通信,https://gooddays.jp/,"2,000～2,280",189.4,"2,280",84(OA32.8),100
7060,7060,2019/03/20,ギークス（株）,mothers,マザーズ,svc,サービス,https://geechs.com/,"1,800～1,930",622,"1,930",188(OA121.5),100
7059,7059,2019/03/19,（株）コプロ・ホールディングス,mothers,マザーズ,svc,サービス,https://www.copro-h.co.jp/,"2,050～2,090",400,"2,090","1,000(OA210)",100
4436,4436,2019/03/19,（株）ミンカブ・ジ・インフォノイド,mothers,マザーズ,ifc,情報・通信,https://minkabu.co.jp/,"950～1,050","1,000","1,050","1,740.2(OA411)",100
1451,1451,2019/03/19,（株）ＫＨＣ,tse2,東証二部,con,建設,https://www.khc-ltd.co.jp/,800～850,200,850,"1,334(OA230)",100
7058,7058,2019/03/18,共栄セキュリティーサービス（株）,jasdaqst,JQスタンダード,svc,サービス,https://www.kyoei-ss.co.jp/,"2,040～2,100",400,"2,100",30(OA64.5),100
4435,4435,2019/03/15,（株）カオナビ,mothers,マザーズ,ifc,情報・通信,https://corp.kaonavi.jp/,"1,780～1,980",500,"1,980",370(OA130.5),100
7057,7057,2019/03/14,（株）エヌ・シー・エヌ,jasdaqst,JQスタンダード,svc,サービス,https://www.ncn-se.co.jp/,700～800,560,800,240(OA120),100
4434,4434,2019/03/13,（株）サーバーワークス,mothers,マザーズ,ifc,情報・通信,https://www.serverworks.co.jp/,"4,320～4,780",200,"4,780",122.1(OA48.3),100
7673,7673,2019/03/12,ダイコー通産（株）,tse2,東証二部,wht,卸売,http://www.daiko-tsusan.co.jp/,"1,510～1,540",160,"1,540",382.4(OA81.3),100
1887,1887,2019/03/05,日本国土開発（株）,tse1,東証一部,con,建設,https://www.n-kokudo.co.jp/,490～510,"12,080",510,"1,376(OA2,018.4)",100
7050,7050,2019/02/28,（株）フロンティアインターナショナル,mothers,マザーズ,svc,サービス,http://www.frontier-i.co.jp/,"2,290～2,410",171.6,"2,410",598(OA115.4),100
4431,4431,2019/02/28,（株）スマレジ,mothers,マザーズ,ifc,情報・通信,https://corp.smaregi.jp/,"1,200～1,370","1,300","1,370",230(OA229.5),100
4430,4430,2019/02/27,東海ソフト（株）,tse2,東証二部,ifc,情報・通信,http://www.tokai-soft.co.jp/,"1,410～1,500",580,"1,500",20(OA90),100
4429,4429,2019/02/26,リックソフト（株）,mothers,マザーズ,ifc,情報・通信,https://www.ricksoft.jp/,"3,840～4,000",76.9,"4,000",179.1(OA38.4),100
7049,7049,2019/02/22,（株）識学,mothers,マザーズ,svc,サービス,https://corp.shikigaku.jp/,"1,640～1,800",240,"1,800",90(OA49.5),100
7330,7330,2018/12/25,レオス・キャピタルワークス（株）,mothers,マザーズ,scf,証券,https://www.rheos.jp/,"1,300～1,400",632.5,"1,400","2,529.8(OA474.3)",100
7048,7048,2018/12/25,ベルトラ（株）,mothers,マザーズ,svc,サービス,https://www.veltra.com/,360～384,"1,500",384,"1,620(OA468)",100
4428,4428,2018/12/25,（株）リンク,mothers,マザーズ,ifc,情報・通信,https://www.sinops.jp/,"3,380～3,580",160,"3,580",88(OA37.2),100
7047,7047,2018/12/21,ポート（株）,mothers,マザーズ,svc,サービス,https://www.theport.jp/,"1,420～1,480",750,"1,480","2,444.5(OA479.1)",100
7037,7037,2018/12/21,（株）テノ．ホールディングス,mothers,マザーズ,svc,サービス,https://www.teno.co.jp/,"1,870～1,920",350,"1,920",(OA52.5),100
6564,6564,2018/12/21,（株）ミダック,tse2,東証二部,svc,サービス,http://www.midac.jp/,,,,,100
6232,6232,2018/12/21,（株）自律制御システム研究所,mothers,マザーズ,mac,機械,http://www.acsl.co.jp/,"3,000～3,400",900,"3,400","1,683.7(OA387.5)",100
4427,4427,2018/12/21,（株）EduLab,mothers,マザーズ,ifc,情報・通信,https://edulab-inc.com/,"2,800～3,200",932,"3,200",508.1(OA216),100
7671,7671,2018/12/20,（株）ＡｍｉｄＡホールディングス,mothers,マザーズ,ret,小売,https://www.amida.holdings/,"1,440～1,460",100,"1,460",415(OA77.2),100
4424,4424,2018/12/20,（株）Amazia,mothers,マザーズ,ifc,情報・通信,https://amazia.co.jp/,"1,270～1,320",240,"1,320",55.5(OA44.3),100
9434,9434,2018/12/19,ソフトバンク（株）,tse1,東証一部,ifc,情報・通信,https://www.softbank.jp/corp/,"1,500",,"1,500","1,603,693.7(OA160,369.4)",100
4425,4425,2018/12/19,Ｋｕｄａｎ（株）,mothers,マザーズ,ifc,情報・通信,https://www.kudan.eu/japan/,"3,260～3,720",123,"3,720",47.9(OA25.6),100
7046,7046,2018/12/18,テクノスデータサイエンス・エンジニアリング（株）,mothers,マザーズ,svc,サービス,https://www.tdse.jp/,"2,900～3,200",190,"3,200",346(OA80),100
1450,1450,2018/12/18,田中建設工業（株）,jasdaqst,JQスタンダード,con,建設,http://www.tanaken-1982.co.jp/,"2,210～2,400",155,"2,400",155(OA46.5),100
7045,7045,2018/12/17,（株）ツクイスタッフ,jasdaqst,JQスタンダード,svc,サービス,https://corp.tsukui-staff.net/,"2,580～2,630",100,"2,630",200(OA45),100
2970,2970,2018/12/17,（株）グッドライフカンパニー,jasdaqst,JQスタンダード,ree,不動産,http://www.goodlife-c.jp/,"1,550～1,600",250,"1,600",150(OA60),100
7931,7931,2018/12/13,未来工業（株）,tse1,東証一部,che,化学,https://www.mirai.co.jp/,,,,,100
7670,7670,2018/12/13,オーウエル（株）,tse2,東証二部,wht,卸売,http://www.owell.co.jp/,700～750,"1,628",750,(OA244.2),100
4423,4423,2018/12/12,アルテリア・ネットワークス（株）,tse1,東証一部,ifc,情報・通信,https://www.arteria-net.com/,"1,150～1,500",,"1,250","17,500(OA2,625)",100
7044,7044,2018/12/11,（株）ピアラ,mothers,マザーズ,svc,サービス,https://piala.co.jp/,"2,350～2,550",350,"2,550",90(OA44),100
7043,7043,2018/12/11,アルー（株）,mothers,マザーズ,svc,サービス,https://www.alue.co.jp/,"1,300～1,370",300,"1,370",287.5(OA88.1),100
3498,3498,2018/11/28,霞ヶ関キャピタル（株）,mothers,マザーズ,ree,不動産,https://kasumigaseki.co.jp/,"3,000～3,240",135,"3,240",(OA20),100
7042,7042,2018/11/06,（株）アクセスグループ・ホールディングス,jasdaqst,JQスタンダード,svc,サービス,https://www.access-t.co.jp/,"1,240～1,340",240,"1,340",160(OA60),100
4422,4422,2018/10/30,ＶＡＬＵＥＮＥＸ（株）,mothers,マザーズ,ifc,情報・通信,http://www.valuenex.com/,"1,700～1,840",420,"1,840",25(OA66.7),100
3497,3497,2018/10/23,（株）リーガル不動産,mothers,マザーズ,ree,不動産,https://www.legal-corp.co.jp/,"1,360～1,380",740,"1,380",270(OA151.5),100
9279,9279,2018/10/19,（株）ギフト,mothers,マザーズ,ret,小売,http://www.gift-group.co.jp/,"1,900～2,090",600,"2,090",428(OA154.2),100
4421,4421,2018/10/19,（株）ディ・アイ・システム,jasdaqst,JQスタンダード,ifc,情報・通信,http://www.di-system.co.jp/,"1,220～1,280",300,"1,280",153(OA67.9),100
7805,7805,2018/10/18,プリントネット（株）,jasdaqst,JQスタンダード,otp,その他製品,https://odahara.jp/,"1,360～1,400",750,"1,400",856.1(OA240),100
4598,4598,2018/10/12,Ｄｅｌｔａ－Ｆｌｙ　Ｐｈａｒｍａ（株）,mothers,マザーズ,pha,医薬品,http://www.delta-flypharma.co.jp/,"4,570～4,770",700,"4,770",(OA105),100
4420,4420,2018/10/12,イーソル（株）,mothers,マザーズ,ifc,情報・通信,https://www.esol.co.jp/,"1,580～1,680",850,"1,680",185.1(OA155.2),100
7041,7041,2018/10/10,ＣＲＧホールディングス（株）,mothers,マザーズ,svc,サービス,http://www.crgh.co.jp/,"1,020～1,120",550,"1,120",800(OA202.5),100
7039,7039,2018/10/03,ブリッジインターナショナル（株）,mothers,マザーズ,svc,サービス,http://www.bridge-g.com,"2,090～2,310",205.8,"2,310",100(OA45.8),100
7038,7038,2018/09/28,フロンティア・マネジメント（株）,mothers,マザーズ,svc,サービス,http://www.frontier-mgmt.com/,"2,160～2,260",270,"2,260",250(OA78),100
3612,3612,2018/09/28,（株）ワールド,tse1,東証一部,taa,繊維製品,http://corp.world.co.jp/,"2,900～3,200","14,850","2,900","1,833(OA1,809)",100
7326,7326,2018/09/27,ＳＢＩインシュアランスグループ（株）,mothers,マザーズ,ins,保険,https://www.sbiig.co.jp/,"1,800～2,160","4,000","2,160","1,710(OA856.5)",100
6233,6233,2018/09/27,極東産機（株）,jasdaqst,JQスタンダード,mac,機械,https://www.kyokuto-sanki.co.jp/,395～405,"1,000",405,40(OA156),100
4398,4398,2018/09/26,（株）ブロードバンドセキュリティ,jasdaqst,JQスタンダード,ifc,情報・通信,https://www.bbsec.co.jp/,690～750,400,750,300(OA105),100
7325,7325,2018/09/25,（株）アイリックコーポレーション,mothers,マザーズ,ins,保険,https://www.irrc.co.jp/,"1,600～1,770",620,"1,770",100(OA108),100
7036,7036,2018/09/21,（株）イーエムネットジャパン,mothers,マザーズ,svc,サービス,https://emnet.co.jp/,"2,880～3,000",50,"3,000",176(OA33.9),100
3496,3496,2018/09/20,（株）アズーム,mothers,マザーズ,ree,不動産,https://azoom.jp,"2,900～3,000",250,"3,000",25(OA41.2),100
3495,3495,2018/09/13,香陵住販（株）,jasdaqst,JQスタンダード,ree,不動産,https://www.koryo-j.co.jp/,"1,600～1,700",260,"1,700",109(OA55.3),100
3494,3494,2018/09/13,（株）マリオン,jasdaqst,JQスタンダード,ree,不動産,https://www.mullion.co.jp/,"2,200～2,380",243.2,"2,380",(OA36.4),100
9275,9275,2018/09/06,（株）ナルミヤ・インターナショナル,tse2,東証二部,ret,小売,http://www.narumiya-net.co.jp/index.html,"1,540～1,560",282.5,"1,560","5,184.4(OA523.3)",100
7035,7035,2018/09/06,ａｎｄ　ｆａｃｔｏｒｙ（株）,mothers,マザーズ,svc,サービス,https://andfactory.co.jp/,"2,470～2,570",430,"2,570",310(OA111),100
4397,4397,2018/08/22,（株）チームスピリット,mothers,マザーズ,ifc,情報・通信,https://www.teamspirit.co.jp/company/,"1,000～1,200",400,"1,200",80(OA72),100
5699,5699,2018/08/02,（株）イボキン,jasdaqst,JQスタンダード,ias,鉄鋼,https://www.ibokin.co.jp/,"1,760～1,930",484,"1,930",140(OA93.6),100
4396,4396,2018/08/02,（株）システムサポート,mothers,マザーズ,ifc,情報・通信,http://www.sts-inc.co.jp,"1,650～1,750",540,"1,750",110(OA97.5),100
7034,7034,2018/07/27,（株）プロレド・パートナーズ,mothers,マザーズ,svc,サービス,https://www.prored-p.com/,"4,100～4,250",465,"4,250",155(OA93),100
4395,4395,2018/07/26,（株）アクリート,mothers,マザーズ,ifc,情報・通信,https://www.accrete-inc.com/,690～770,540,770,380(OA138),100
4394,4394,2018/07/26,（株）エクスモーション,mothers,マザーズ,ifc,情報・通信,https://corporate.exmotion.co.jp/,"3,140～3,340",200,"3,340",164(OA54.6),100
3491,3491,2018/07/25,（株）ＧＡ　ｔｅｃｈｎｏｌｏｇｉｅｓ,mothers,マザーズ,ree,不動産,https://www.ga-tech.co.jp/,"2,310～2,510",600,"2,510",,100
4393,4393,2018/07/24,（株）バンク・オブ・イノベーション,mothers,マザーズ,ifc,情報・通信,http://www.boi.jp/,870～960,130.5,960,100(OA34.5),100
7033,7033,2018/07/23,（株）マネジメントソリューションズ,mothers,マザーズ,svc,サービス,https://www.mgmtsol.co.jp,"2,000～2,100",400,"2,100",50(OA67.5),100
7806,7806,2018/07/10,（株）ＭＴＧ,mothers,マザーズ,otp,その他製品,https://www.mtg.gr.jp/,"5,290～5,800","5,900","5,800","1,000(OA1,035)",100
1446,1446,2018/07/05,（株）キャンディル,mothers,マザーズ,con,建設,https://www.candeal.co.jp/,"1,160～1,180",200,"1,180",950(OA172.5),100
4391,4391,2018/07/04,ロジザード（株）,mothers,マザーズ,ifc,情報・通信,https://www.logizard.co.jp/,800～900,400,900,430(OA124.5),100
7030,7030,2018/06/29,（株）スプリックス,tse1,東証一部,svc,サービス,https://sprix.jp/,"2,180～2,400",412.5,"2,400","5,119.7(OA829.8)",100
7032,7032,2018/06/28,（株）パデコ,jasdaqst,JQスタンダード,svc,サービス,http://www.padeco.jp/jp,,200,,155(OA53.2),100
7031,7031,2018/06/27,（株）インバウンドテック,mothers,マザーズ,svc,サービス,https://www.inboundtech.co.jp/,"3,810～3,980",135,"3,980",64.4(OA29.9),100
4390,4390,2018/06/27,（株）アイ・ピー・エス（銘柄名：（株）ＩＰＳ）,mothers,マザーズ,ifc,情報・通信,http://ipsism.co.jp/,"3,730～3,900",320,"3,900",(OA48),100
4389,4389,2018/06/27,プロパティデータバンク（株）,mothers,マザーズ,ifc,情報・通信,http://www.propertydbk.com/,"1,660～1,780",210,"1,780",168(OA56.7),100
4388,4388,2018/06/27,（株）エーアイ,mothers,マザーズ,ifc,情報・通信,http://www.ai-j.jp/,"900～1,000",187,"1,000",380(OA85),100
9274,9274,2018/06/26,国際紙パルプ商事（株）,tse1,東証一部,wht,卸売,http://www.kppc.co.jp/,314～344,"7,000",344,"(OA1,050)",100
6580,6580,2018/06/22,（株）ライトアップ,mothers,マザーズ,svc,サービス,https://www.writeup.jp/,"2,660～2,820",150,"2,820",560(OA71),100
3987,3987,2018/06/22,エコモット（株）,mothers,マザーズ,ifc,情報・通信,https://www.ecomott.co.jp/,,350,"1,156",331.6(OA102),100
9273,9273,2018/06/21,コーア商事ホールディングス（株）,tse2,東証二部,wht,卸売,https://www.koashoji-hd.com/,"2,590～2,670",180,"2,670",189.6(OA55.4),100
4387,4387,2018/06/21,（株）ＺＵＵ,mothers,マザーズ,ifc,情報・通信,https://zuu.co.jp/,"1,440～1,600",150,"1,600",100(OA37.5),100
4386,4386,2018/06/21,（株）ＳＩＧ,jasdaqst,JQスタンダード,ifc,情報・通信,https://www.sig-c.co.jp,"1,600～2,000",150,"2,000",148(OA44.7),100
6579,6579,2018/06/20,ログリー（株）,mothers,マザーズ,svc,サービス,http://corp.logly.co.jp/,"1,680～1,860",325,"1,860",89(OA62.1),100
4385,4385,2018/06/19,（株）メルカリ,mothers,マザーズ,ifc,情報・通信,https://about.mercari.com/,"2,700～3,000","18,159.5","3,000","22,554.8(OA2,840.5)",100
4384,4384,2018/05/31,ラクスル（株）,mothers,マザーズ,ifc,情報・通信,https://corp.raksul.com/,"1,300～1,500","2,500","1,500","8,449.9(OA1,642.1)",100
6578,6578,2018/04/27,（株）エヌリンクス,jasdaqst,JQスタンダード,svc,サービス,http://www.n-links.co.jp,"1,670～1,810",300,"1,810",108(OA61.2),100
7323,7323,2018/04/25,アイペット損害保険（株）,mothers,マザーズ,ins,保険,http://www.ipet-ins.com/,"2,600～2,850",450,"2,850",234.7(OA102.7),100
6577,6577,2018/04/25,（株）ベストワンドットコム,mothers,マザーズ,svc,サービス,http://www.best1cruise-corp.info/,"4,130～4,330",75,"4,330",34(OA16.3),100
4382,4382,2018/04/20,ＨＥＲＯＺ（株）,mothers,マザーズ,ifc,情報・通信,https://heroz.co.jp/,"3,940～4,500",172.2,"4,500",(OA25.8),100
6574,6574,2018/04/11,（株）コンヴァノ,mothers,マザーズ,svc,サービス,http://www.convano.com/,890～930,75,930,755(OA124.5),100
6575,6575,2018/04/10,ヒューマン・アソシエイツ・ホールディングス（株）,mothers,マザーズ,svc,サービス,https://www.humanassociates.com/,"1,040～1,170",214,"1,170",770(OA147.6),100
4381,4381,2018/04/04,ビープラッツ（株）,mothers,マザーズ,ifc,情報・通信,http://www.bplats.co.jp/,"1,950～2,200",100,"2,200",50(OA22.5),100
9272,9272,2018/04/03,ブティックス（株）,mothers,マザーズ,ret,小売,http://btix.jp/,"1,270～1,350",200,"1,350",214(OA62.1),100
7320,7320,2018/03/30,日本リビング保証（株）,mothers,マザーズ,ofb,その他金融,https://www.jlw.jp/,"1,700～1,760",110,"1,760",50.5(OA24),100
9271,9271,2018/03/29,（株）和心,mothers,マザーズ,ret,小売,https://www.wagokoro.co.jp/,"1,620～1,700",290,"1,700",114(OA60.6),100
3490,3490,2018/03/29,（株）アズ企画設計,jasdaqst,JQスタンダード,ree,不動産,https://www.azplan.co.jp/,"2,060～2,160",200,"2,160",70(OA40.5),100
6573,6573,2018/03/28,アジャイルメディア・ネットワーク（株）,mothers,マザーズ,svc,サービス,http://agilemedia.jp/,"2,800～3,000",70,"3,000",54(OA18.6),100
6572,6572,2018/03/27,ＲＰＡホールディングス（株）,mothers,マザーズ,svc,サービス,http://rpa-holdings.com/,"3,370～3,570",50,"3,570",550,100
9450,9450,2018/03/23,（株）ファイバーゲート,mothers,マザーズ,ifc,情報・通信,https://www.fibergate.co.jp/,"910～1,050",486.6,"1,050",515.4(OA150.3),100
6571,6571,2018/03/23,キュービーネットホールディングス（株）,tse1,東証一部,svc,サービス,http://www.qbnet.jp/,"2,000～2,250",,"2,250","9,785.9(OA1,467.8)",100
9270,9270,2018/03/22,（株）ＳＯＵ,mothers,マザーズ,wht,卸売,https://www.ai-sou.co.jp/,"3,090～3,300",449.1,"3,300","1,027.5(OA221.4)",100
8104,8104,2018/03/20,（株）クワザワ,tse2,東証二部,wht,卸売,https://www.kuwazawa.co.jp/,,,,,100
3447,3447,2018/03/20,信和（株）,tse2,東証二部,mep,金属製品,http://www.shinwa-jp.com/,"1,150～1,300",,"1,150","11,995.8(OA1,792.6)",100
6570,6570,2018/03/19,（株）共和コーポレーション,tse2,東証二部,svc,サービス,http://www.kyowa-corp.co.jp/,"1,430～1,590",450,"1,590",200(OA97.5),100
6569,6569,2018/03/16,日総工産（株）,tse1,東証一部,svc,サービス,http://www.nisso.co.jp/,"3,130～3,250","1,150","3,250","1,580(OA409.5)",100
3489,3489,2018/03/16,（株）フェイスネットワーク,mothers,マザーズ,ree,不動産,http://www.faithnetwork.jp/,"1,340～1,400",800,"1,400",400(OA180),100
6568,6568,2018/03/15,神戸天然物化学（株）,mothers,マザーズ,svc,サービス,http://www.kncweb.co.jp/,"2,140～2,340","1,380","2,340",888(OA340.2),100
6567,6567,2018/03/02,（株）ＳＥＲＩＯホールディングス,mothers,マザーズ,svc,サービス,https://www.serio-corp.com/,"1,700～1,780",700,"1,780",20(OA108),100
3446,3446,2018/02/28,（株）ジェイテックコーポレーション,mothers,マザーズ,mep,金属製品,https://www.j-tec.co.jp/,"2,100～2,250",500,"2,250",500(OA150),100
4380,4380,2018/02/23,（株）Ｍマート,mothers,マザーズ,ifc,情報・通信,https://www.m-mart.co.jp/,"1,140～1,240",453.4,"1,240",134(OA88.1),100
6234,6234,2018/02/08,世紀（株）,mothers,マザーズ,mac,機械,https://www.seiki-hot.com/,,260.2,,195.2(OA68.3),100
7875,7875,2018/01/26,竹田印刷（株）,tse2,東証二部,otp,その他製品,http://www.takeda-prn.co.jp/,,,,,100
9268,9268,2017/12/26,（株）オプティマスグループ,tse2,東証二部,wht,卸売,https://www.optimusgroup.co.jp/,"1,710～1,800",270.6,"1,800","1,340.6(OA241.6)",100
6566,6566,2017/12/25,（株）要興業,tse2,東証二部,svc,サービス,https://www.kaname-k.co.jp/,700～750,"2,000",750,"2,476.3(OA671.4)",100
6565,6565,2017/12/25,ＡＢホテル（株）,jasdaqst,JQスタンダード,svc,サービス,http://www.ab-hotel.jp/,"1,400～1,500",260,"1,500",460(OA108),100
7199,7199,2017/12/21,プレミアグループ（株）,tse2,東証二部,ofb,その他金融,http://www.premium-group.co.jp/,"2,260～2,320",60,"2,320","4,780(OA726)",100
6235,6235,2017/12/20,（株）オプトラン,tse1,東証一部,mac,機械,http://www.optorun.co.jp/,"1,420～1,460","4,200","1,460","3,000(OA1,080)",100
4249,4249,2017/12/20,森六ホールディングス（株）,tse1,東証一部,che,化学,http://www.moriroku.co.jp/,"2,610～2,700","1,228","2,700","2,172(OA510)",100
6563,6563,2017/12/19,（株）みらいワークス,mothers,マザーズ,svc,サービス,https://mirai-works.co.jp/,"1,700～1,840",170,"1,840",44(OA25.6),100
6562,6562,2017/12/18,（株）ジーニー,mothers,マザーズ,svc,サービス,https://geniee.co.jp/,"1,220～1,350","1,023","1,350",285(OA196.2),100
3999,3999,2017/12/18,ナレッジスイート（株）,mothers,マザーズ,ifc,情報・通信,https://ksj.co.jp/,"1,800～2,000",240,"2,000",55(OA44.2),100
3998,3998,2017/12/18,（株）すららネット,mothers,マザーズ,,-,http://surala.jp/,"1,900～2,040",110,"2,040",115(OA33.7),100
3540,3540,2017/12/18,（株）歯愛メディカル,jasdaqst,JQスタンダード,wht,卸売,http://www.ci-medical.co.jp/,"3,210～3,300",,"3,300","1,000(OA100)",100
6561,6561,2017/12/15,（株）ＨＡＮＡＴＯＵＲ　ＪＡＰＡＮ,mothers,マザーズ,svc,サービス,http://www.hanatourjapan.jp/,"1,900～2,000","1,000","2,000","1,550(OA382.5)",100
2334,2334,2017/12/15,（株）イオレ,mothers,マザーズ,svc,サービス,http://www.eole.co.jp/,"1,750～1,890",140,"1,890",115(OA38.2),100
7198,7198,2017/12/14,アルヒ（株）,tse1,東証一部,ofb,その他金融,https://www.aruhi-group.co.jp/,"1,150～1,340",,"1,300","18,040.3(OA1,082.5)",100
6560,6560,2017/12/14,（株）エル・ティー・エス,mothers,マザーズ,svc,サービス,https://lt-s.jp/,630～680,500,680,150(OA97.5),100
9143,9143,2017/12/13,ＳＧホールディングス（株）,tse1,東証一部,ldt,陸運,http://www.sg-hldgs.co.jp/,"1,540～1,620",,"1,620","71,582.9(OA7,192.5)",100
6698,6698,2017/12/13,ヴィスコ・テクノロジーズ（株）,jasdaqst,JQスタンダード,ela,電気機器,http://www.visco-tech.com/,"4,720～4,920",85,"4,920",113.8(OA29.8),100
3611,3611,2017/12/13,（株）マツオカコーポレーション,tse1,東証一部,taa,繊維製品,http://www.matuoka.co.jp/,"2,420～2,600","1,195","2,600",450(OA246.7),100
3486,3486,2017/12/13,（株）グローバル・リンク・マネジメント,mothers,マザーズ,ree,不動産,https://www.global-link-m.com/,"2,320～2,620",184,"2,620",184(OA55.2),100
9266,9266,2017/12/12,（株）一家ダイニングプロジェクト,mothers,マザーズ,ret,小売,http://www.ikkadining.co.jp/,"2,250～2,450",159,"2,450",93(OA37.8),100
8919,8919,2017/12/12,（株）カチタス,tse1,東証一部,ree,不動産,http://katitas.jp/,"1,500～1,640",,"1,640","21,056.3(OA1,969)",100
7417,7417,2017/12/11,（株）南陽,tse2,東証二部,wht,卸売,http://www.nanyo.co.jp/,,,"2,281",508.5(OA76),100
3997,3997,2017/11/29,（株）トレードワークス,jasdaqst,JQスタンダード,ifc,情報・通信,http://www.tworks.co.jp/,"2,000～2,200",200,"2,200",10(OA31.5),100
9264,9264,2017/11/28,ポエック（株）,jasdaqst,JQスタンダード,wht,卸売,http://www.puequ.co.jp/,670～750,320,750,142(OA69.3),100
7807,7807,2017/11/28,（株）幸和製作所,jasdaqst,JQスタンダード,otp,その他製品,http://www.tacaof.co.jp/,"3,220～3,520",150,"3,520",108.2(OA38.7),100
6558,6558,2017/11/28,クックビズ（株）,mothers,マザーズ,svc,サービス,https://cookbiz.co.jp/,"2,070～2,250",300,"2,250",122.8(OA63.4),100
6653,6653,2017/11/27,（株）正興電機製作所,tse2,東証二部,ela,電気機器,http://www.seiko-denki.co.jp/,,,,,100
3996,3996,2017/11/21,サインポスト（株）,mothers,マザーズ,ifc,情報・通信,http://www.signpost1.com/,"2,000～2,200",190,"2,200",120(OA46.5),100
7808,7808,2017/11/15,（株）シー・エス・ランバー,jasdaqst,JQスタンダード,otp,その他製品,http://www.c-s-lumber.co.jp/,"1,380～1,480",237,"1,480",193(OA64.5),100
7196,7196,2017/10/31,（株）Casa,tse2,東証二部,ofb,その他金融,https://www.casa-inc.co.jp/,"2,060～2,270",220,"2,270","3,015(OA485.2)",100
3995,3995,2017/10/26,（株）ＳＫＩＹＡＫＩ,mothers,マザーズ,ifc,情報・通信,https://skiyaki.com/,"3,200～3,400",160,"3,400",272.6(OA64.8),100
9262,9262,2017/10/25,（株）シルバーライフ,mothers,マザーズ,ret,小売,https://www.silver-life.co.jp/,"2,300～2,500",500,"2,500",150(OA97.5),100
3484,3484,2017/10/25,（株）テンポイノベーション,mothers,マザーズ,ree,不動産,http://www.tenpo-r.co.jp/,"3,000～3,100",50,"3,100",324.4(OA56.1),100
6556,6556,2017/10/05,ウェルビー（株）,mothers,マザーズ,svc,サービス,http://www.welbe.co.jp/,"2,400～2,580",250,"2,580","1,660(OA286.5)",100
6555,6555,2017/10/05,（株）ＭＳ＆Ｃｏｎｓｕｌｔｉｎｇ,mothers,マザーズ,svc,サービス,https://www.msandc.co.jp/,"1,150～1,280",50,"1,280","3,732.7(OA567.3)",100
4124,4124,2017/10/05,大阪油化工業（株）,jasdaqst,JQスタンダード,che,化学,https://www.osaka-yuka.co.jp/,"1,830～1,860",270,"1,860",260(OA79.5),100
9260,9260,2017/09/29,西本Ｗｉｓｍｅｔｔａｃホールディングス（株）,tse1,東証一部,wht,卸売,http://www.wismettac.com/,"4,500～5,250","1,850","4,750","1,850(OA555)",100
6697,6697,2017/09/29,テックポイント・インク,mothers,マザーズ,ela,電気機器,https://www.techpoint.co.jp/,620～650,"1,520(OA228)",650,,100
3994,3994,2017/09/29,（株）マネーフォワード,mothers,マザーズ,ifc,情報・通信,http://corp.moneyforward.com/,"1,350～1,550","1,617.7","1,550",931(OA382.3),100
3482,3482,2017/09/28,ロードスターキャピタル（株）,mothers,マザーズ,ree,不動産,https://loadstarcapital.com/,"1,640～1,820",740,"1,820",360(OA165),100
7809,7809,2017/09/26,（株）壽屋,jasdaqst,JQスタンダード,otp,その他製品,https://www.kotobukiya.co.jp/,"1,980～2,000",300,"2,000",300(OA90),100
3993,3993,2017/09/22,（株）ＰＫＳＨＡ　Ｔｅｃｈｎｏｌｏｇｙ,mothers,マザーズ,ifc,情報・通信,https://pkshatech.com,"1,700～2,400","2,074","2,400",(OA311.1),100
3992,3992,2017/09/20,（株）ニーズウェル,jasdaqst,JQスタンダード,ifc,情報・通信,http://www.needswell.com/,"1,590～1,670",200,"1,670",150(OA52.5),100
3991,3991,2017/09/14,ウォンテッドリー（株）,mothers,マザーズ,ifc,情報・通信,https://www.wantedly.com,"880～1,000",50,"1,000",80(OA19.5),100
6554,6554,2017/09/13,（株）エスユーエス,mothers,マザーズ,svc,サービス,http://www.sus-g.co.jp/,"2,220～2,300",323,"2,300",31(OA53.1),100
3990,3990,2017/08/30,ＵＵＵＭ（株）,mothers,マザーズ,ifc,情報・通信,https://www.uuum.co.jp/,"1,880～2,050",302,"2,050",214.8(OA77.5),100
6696,6696,2017/08/09,（株）トランザス,mothers,マザーズ,ela,電気機器,http://www.tranzas.co.jp/,"1,240～1,300",380,"1,300",360(OA100),100
3989,3989,2017/08/03,シェアリングテクノロジー（株）,mothers,マザーズ,ifc,情報・通信,http://www.sharing-tech.jp/,"1,560～1,600",600,"1,600",600(OA180),100
7810,7810,2017/07/20,（株）クロスフォー,jasdaqst,JQスタンダード,otp,その他製品,http://www.crossfor.com/,710～730,"1,500",730,(OA225),100
3480,3480,2017/07/20,（株）ジェイ・エス・ビー,tse2,東証二部,ree,不動産,http://www.jsb.co.jp/,"3,100～3,200",333.5,"3,200",117.2(OA67.6),100
3566,3566,2017/07/19,ユニフォームネクスト（株）,mothers,マザーズ,ret,小売,https://uniformnext.co.jp/,"2,460～2,800",200,"2,800",(OA30),100
6553,6553,2017/07/12,ソウルドアウト（株）,mothers,マザーズ,svc,サービス,http://www.sold-out.co.jp/,"1,080～1,200",410,"1,200","1,914(OA348.6)",100
6552,6552,2017/06/30,（株）GameWith,mothers,マザーズ,svc,サービス,https://www.gamewith.co.jp,"1,720～1,920",50,"1,920",683.4(OA110),100
6551,6551,2017/06/30,（株）ツナグ・ソリューションズ,mothers,マザーズ,svc,サービス,https://www.tsunagu.co.jp/,"1,970～2,130",270,"2,130",180(OA67.5),100
3988,3988,2017/06/30,（株）ＳＹＳホールディングス,jasdaqst,JQスタンダード,ifc,情報・通信,http://www.syshd.co.jp/,"2,360～2,560",200,"2,560",100(OA45),100
6550,6550,2017/06/27,Fringe81（株）,mothers,マザーズ,svc,サービス,http://www.fringe81.com,"2,400～2,600",108.8,"2,600",151.3(OA39),100
6549,6549,2017/06/20,ディーエムソリューションズ（株）,jasdaqst,JQスタンダード,svc,サービス,https://www.dm-s.co.jp/,"2,300～2,500",100,"2,500",97(OA29),100
3986,3986,2017/06/15,（株）ビーブレイクシステムズ,mothers,マザーズ,ifc,情報・通信,http://www.bbreak.co.jp/,"1,550～1,670",250,"1,670",62(OA31.2),100
3565,3565,2017/04/25,アセンテック（株）,mothers,マザーズ,wht,卸売,https://www.ascentech.co.jp/,"1,840～2,000",120,"2,000",290(OA41),100
6548,6548,2017/04/18,（株）旅工房,mothers,マザーズ,svc,サービス,http://www.tabikobo.com/,"1,220～1,370",450,"1,370",110(OA84),100
3564,3564,2017/04/12,（株）ＬＩＸＩＬビバ,tse1,東証一部,ret,小売,http://www.vivahome.co.jp/,"1,950～2,200","4,720","2,050","14,903.8(OA2,286.2)",100
7940,7940,2017/04/10,ウェーブロックホールディングス（株）,tse2,東証二部,che,化学,http://www.wavelock-holdings.com/,720～750,,750,"5,266.5(OA780)",100
3985,3985,2017/04/06,テモナ（株）,mothers,マザーズ,ifc,情報・通信,https://temona.co.jp/,"2,400～2,550",240,"2,550",48.8(OA43.3),100
6175,6175,2017/03/31,（株）ネットマーケティング,jasdaqst,JQスタンダード,svc,サービス,http://www.net-marketing.co.jp/,"1,040～1,140",280,"1,140",680(OA144),100
3984,3984,2017/03/30,（株）ユーザーローカル,mothers,マザーズ,ifc,情報・通信,http://www.userlocal.jp/,"2,780～2,940",205,"2,940",200(OA60.7),100
3563,3563,2017/03/30,（株）スシローグローバルホールディングス,tse1,東証一部,ret,小売,http://www.sushiroglobalholdings.com/,"3,600～3,900",,"3,600","19,123.1(OA2,011.6)",100
3964,3964,2017/03/29,（株）オークネット,tse1,東証一部,ifc,情報・通信,http://www.aucnet.co.jp/,"1,070～1,100","2,200","1,100","2,620(OA723)",100
6694,6694,2017/03/28,（株）ズーム,jasdaqst,JQスタンダード,ela,電気機器,https://www.zoom.co.jp/,"1,460～1,520",210,"1,520",421(OA94.6),100
3562,3562,2017/03/28,（株）Ｎｏ．１,jasdaqst,JQスタンダード,wht,卸売,https://www.number-1.co.jp/,"1,450～1,570",220,"1,570",220(OA66),100
3479,3479,2017/03/27,（株）ティーケーピー,mothers,マザーズ,ree,不動産,http://tkp.jp/,"5,890～6,060",310,"6,060",199.2(OA76.3),100
4597,4597,2017/03/24,ソレイジア・ファーマ（株）,mothers,マザーズ,pha,医薬品,https://www.solasia.co.jp/,175～185,"19,437.5",185,"(OA2,915.6)",100
3983,3983,2017/03/24,（株）オロ,mothers,マザーズ,ifc,情報・通信,https://www.oro.com/ja/,"1,930～2,070","1,000","2,070",(OA150),100
6547,6547,2017/03/23,（株）グリーンズ,tse2,東証二部,svc,サービス,https://www.kk-greens.jp/,"1,350～1,400","2,000","1,400","2,400(OA660)",100
6546,6546,2017/03/22,フルテック（株）,tse2,東証二部,svc,サービス,http://www.fulltech1963.com/,540～600,600,600,519.2(OA167.8),100
3982,3982,2017/03/22,（株）エスキュービズム,mothers,マザーズ,ifc,情報・通信,http://s-cubism.jp/,"1,150～1,250",100,,250(OA52.5),100
3978,3978,2017/03/22,（株）マクロミル,tse1,東証一部,ifc,情報・通信,http://www.macromill.com/,"1,900～2,100",487.8,"1,950","25,017.2(OA1,818.5)",100
1413,1413,2017/03/22,（株）桧家ホールディングス,tse2,東証二部,con,建設,http://www.hinokiya-holdings.jp/,,,,,100
6545,6545,2017/03/21,（株）インターネットインフィニティー,mothers,マザーズ,svc,サービス,http://iif.jp/,"1,240～1,320",130,"1,320",65(OA29),100
5757,5757,2017/03/21,（株）ＣＫサンエツ,tse2,東証二部,nfm,非鉄金属,http://www.cksanetu.co.jp/,,,,,100
3561,3561,2017/03/21,（株）力の源ホールディングス,mothers,マザーズ,ret,小売,http://www.chikaranomoto.com/,540～600,800,600,200(OA150),100
6544,6544,2017/03/17,ジャパンエレベーターサービスホールディングス（株）,mothers,マザーズ,svc,サービス,http://www.jes24.co.jp/,530～550,"1,640",550,"1,260(OA435)",100
3981,3981,2017/03/17,（株）ビーグリー,mothers,マザーズ,ifc,情報・通信,https://www.beaglee.com/,"1,820～1,880",384.7,"1,880","4,309.9(OA523.2)",100
3979,3979,2017/03/16,（株）うるる,mothers,マザーズ,ifc,情報・通信,http://www.uluru.biz/,"2,840～3,000",250,"3,000","1,025.8(OA191.3)",100
3560,3560,2017/03/16,（株）ほぼ日,jasdaqst,JQスタンダード,ret,小売,http://www.hobonichi.co.jp/,"2,250～2,350",250,"2,350",150(OA60),100
9325,9325,2017/03/15,（株）ファイズ,mothers,マザーズ,wht,倉庫・運輸,http://phyz.co.jp/,"1,200～1,250",300,"1,250",250(OA82.5),100
9078,9078,2017/03/10,（株）エスライン,tse2,東証二部,ldt,陸運,http://sline.co.jp/,,,,,100
3559,3559,2017/03/09,（株）ピーバンドットコム,mothers,マザーズ,wht,卸売,https://www.p-ban.com/,"1,530～1,650",150,"1,650",650(OA60),100
3558,3558,2017/03/07,（株）ロコンド,mothers,マザーズ,ret,小売,https://www.locondo.jp/,"1,660～1,850",924,"1,850",651.7(OA236.3),100
9519,9519,2017/02/23,（株）レノバ,mothers,マザーズ,epg,電気・ガス,http://www.renovainc.jp/,660～750,650,750,560(OA181.5),100
3557,3557,2017/02/23,ユナイテッド＆コレクティブ（株）,mothers,マザーズ,ret,小売,http://www.united-collective.co.jp/,"1,400～1,620",228.5,"1,620",30(OA38.7),100
6543,6543,2017/02/16,（株）日宣,jasdaqst,JQスタンダード,svc,サービス,https://www.nissenad.co.jp/,"1,540～1,600",200,"1,600",50(OA37.5),100
1439,1439,2017/02/10,（株）安江工務店,jasdaqst,JQスタンダード,con,建設,http://www.yasue.co.jp/,"1,130～1,250",280,"1,250",210.2(OA73.5),100
3976,3976,2017/01/27,（株）シャノン,mothers,マザーズ,ifc,情報・通信,http://www.shanon.co.jp/,"1,300～1,500",150,"1,500",(OA22.5),100
3974,3974,2016/12/27,（株）ティビィシィ・スキヤツト,jasdaqst,JQスタンダード,ifc,情報・通信,http://www.tbcscat.jp/,"1,300～1,400",140,"1,400",80(OA30),100
3969,3969,2016/12/22,（株）エイトレッド,mothers,マザーズ,ifc,情報・通信,https://www.atled.jp/,"1,700～1,800",200,"1,800",400(OA90),100
3477,3477,2016/12/22,フォーライフ（株）,mothers,マザーズ,ree,不動産,https://www.forlifeand.com/,"2,180～2,280",65,"2,280",173(OA35),100
6541,6541,2016/12/21,グレイステクノロジー（株）,mothers,マザーズ,svc,サービス,https://www.g-race.com/,"3,000～3,100",153.6,"3,100",90(OA36.5),100
3970,3970,2016/12/21,（株）イノベーション,mothers,マザーズ,ifc,情報・通信,https://www.innovation.co.jp/,"2,570～2,770",153.6,"2,770",45(OA29.7),100
3968,3968,2016/12/21,セグエグループ（株）,jasdaqst,JQスタンダード,ifc,情報・通信,http://segue-g.jp/,"1,600～1,700",180,"1,700",30(OA31.5),100
3556,3556,2016/12/20,リネットジャパングループ（株）,mothers,マザーズ,ret,小売,http://corp.renet.jp/,"1,690～1,830",130,"1,830",120(OA37.5),100
7316,7316,2016/12/19,（株）ＺＭＰ,mothers,マザーズ,tre,輸送用機器,http://www.zmp.co.jp/,"760～1,040","2,371",,"6,282.5(OA1,298)",100
7192,7192,2016/12/19,日本モーゲージサービス（株）,jasdaqst,JQスタンダード,ofb,その他金融,http://www.m-s-j.jp/,"1,810～2,010",300,"2,010",66.6(OA55),100
6540,6540,2016/12/19,（株）船場,tse2,東証二部,svc,サービス,http://www.semba1008.co.jp/,"1,200～1,290","1,050","1,290","1,050(OA315)",100
7782,7782,2016/12/16,（株）シンシア,mothers,マザーズ,pri,精密機器,http://www.sincere-vision.com/,"1,940～2,100",200,"2,100",250(OA50),100
6539,6539,2016/12/15,（株）ＭＳ－Ｊａｐａｎ,mothers,マザーズ,svc,サービス,http://company.jmsc.co.jp/,"1,960～2,080",795,"2,080",795(OA238.5),100
6538,6538,2016/12/14,（株）キャリアインデックス,mothers,マザーズ,svc,サービス,https://careerindex.co.jp/,"5,720～6,060",126,"6,060",306(OA64.8),100
3475,3475,2016/12/08,（株）グッドコムアセット,jasdaqst,JQスタンダード,ree,不動産,https://www.goodcomasset.co.jp/,"1,850～1,950",377,"1,950",175(OA82.8),100
7191,7191,2016/12/07,（株）イントラスト,mothers,マザーズ,ofb,その他金融,http://www.entrust-inc.jp/,570～630,"1,430",630,836(OA339),100
5704,5704,2016/11/29,（株）ＪＭＣ,mothers,マザーズ,nfm,非鉄金属,http://www.jmc-rp.co.jp/,920～960,970,960,30(OA150),100
3967,3967,2016/11/29,（株）エルテス,mothers,マザーズ,ifc,情報・通信,https://eltes.co.jp/,"1,650～1,790",150,"1,790",66.1(OA32.4),100
3550,3550,2016/11/29,（株）スタジオアタオ,mothers,マザーズ,ret,小売,http://www.atao.co.jp/,"2,930～3,030",51,"3,030",610(OA66.1),100
8596,8596,2016/11/25,（株）九州リースサービス,tse2,東証二部,ofb,その他金融,http://www.k-lease.co.jp/,,,,,100
6537,6537,2016/11/22,ＷＡＳＨハウス（株）,mothers,マザーズ,svc,サービス,http://www.wash-house.jp/,"2,090～2,300",620,"2,300",492.5(OA166.8),100
3267,3267,2016/11/18,（株）フィル・カンパニー,mothers,マザーズ,con,建設,http://philcompany.jp/,"1,190～1,310",200,"1,310",100(OA45),100
3548,3548,2016/11/01,（株）バロックジャパンリミテッド,tse1,東証一部,ret,小売,http://www.baroque-global.com/japan/jp/,"2,000～2,240","4,200","2,000","7,789.8(OA1,786.9)",100
6535,6535,2016/10/27,（株）アイモバイル,mothers,マザーズ,svc,サービス,http://www.i-mobile.co.jp/,"1,220～1,320","3,330","1,320","2,220(OA823.8)",100
9142,9142,2016/10/25,九州旅客鉄道（株）,tse1,東証一部,ldt,陸運,http://www.jrkyushu.co.jp/,"2,400～2,600",,"2,600","160,000",100
3966,3966,2016/10/21,（株）ユーザベース,mothers,マザーズ,ifc,情報・通信,http://www.uzabase.com/,"2,190～2,510",543,"2,510",193.3(OA110.4),100
7190,7190,2016/10/17,（株）マーキュリアインベストメント,tse2,東証二部,scf,証券,http://www.mercuria.jp/,"1,400～1,450",531,"1,450",381.1(OA135.1),100
4189,4189,2016/10/12,ＫＨネオケム（株）,tse1,東証一部,che,化学,http://www.khneochem.co.jp/,"1,330～1,670","2,614.4","1,380","23,800(OA3,962.1)",100
3965,3965,2016/10/07,（株）キャピタル・アセット・プランニング,jasdaqst,JQスタンダード,ifc,情報・通信,http://www2.cap-net.co.jp/,"1,960～2,000",160,"2,000",(OA24),100
3474,3474,2016/09/30,Ｇ－ＦＡＣＴＯＲＹ（株）,mothers,マザーズ,ree,不動産,http://g-fac.jp/,"3,080～3,240",150,"3,240",69(OA32.8),100
3963,3963,2016/09/29,（株）シンクロ・フード,mothers,マザーズ,ifc,情報・通信,http://www.synchro-food.co.jp/,"1,960～2,100",400,"2,100",300(OA105),100
3962,3962,2016/09/27,（株）チェンジ,mothers,マザーズ,ifc,情報・通信,http://www.change-jp.com/,"1,080～1,200",280,"1,200",210,100
3961,3961,2016/09/27,シルバーエッグ・テクノロジー（株）,mothers,マザーズ,ifc,情報・通信,http://www.silveregg.co.jp/,850～900,320,900,200(OA78),100
3960,3960,2016/09/26,（株）バリューデザイン,mothers,マザーズ,ifc,情報・通信,http://valuedesign.jp/,"1,860～2,040",268,"2,040",25(OA43.9),100
3940,3940,2016/09/16,（株）ノムラシステムコーポレーション,jasdaqst,JQスタンダード,ifc,情報・通信,https://www.nomura-system.co.jp/,920～960,342,960,134.5(OA71.4),100
6533,6533,2016/09/14,（株）デジタルアイデンティティ,mothers,マザーズ,svc,サービス,http://digitalidentity.co.jp/,"1,400～1,540",130,"1,540",230.5(OA54),100
3939,3939,2016/09/14,（株）カナミックネットワーク,mothers,マザーズ,ifc,情報・通信,http://www.kanamic.net/,"2,760～3,000",54,"3,000",166(OA33),100
3547,3547,2016/09/14,（株）串カツ田中,mothers,マザーズ,ret,小売,http://www.kushi-tanaka.co.jp/,"3,610～3,900",250,"3,900",112.5(OA54.3),100
6532,6532,2016/09/02,（株）ベイカレント・コンサルティング,mothers,マザーズ,svc,サービス,http://www.baycurrent.co.jp/,"2,100～2,360",50,"2,100","11,680.4(OA1,759.5)",100
3545,3545,2016/08/31,（株）デファクトスタンダード,mothers,マザーズ,ret,小売,http://www.defactostandard.co.jp/,"1,500～1,630","1,100","1,630",(OA165),100
6531,6531,2016/07/28,リファインバース（株）,mothers,マザーズ,svc,サービス,http://www.r-inverse.com/,"1,500～1,700",90,"1,700",74.8(OA24.7),100
6200,6200,2016/07/21,（株）インソース,mothers,マザーズ,svc,サービス,http://www.insource.co.jp/,460～520,700,520,"1,250(OA292.5)",100
3469,3469,2016/07/21,（株）デュアルタップ,jasdaqst,JQスタンダード,ree,不動産,http://www.dualtap.co.jp/,"1,010～1,110",200,"1,110",240(OA66),100
3938,3938,2016/07/15,LINE（株）,tse1,東証一部,ifc,情報・通信,http://linecorp.com/,"2,900～3,300","35,000","3,300","(OA5,250)",100
6199,6199,2016/07/01,（株）セラク,mothers,マザーズ,svc,サービス,http://www.seraku.co.jp/,"1,360～1,500",406,"1,500",408(OA122.1),100
6197,6197,2016/06/29,（株）ソラスト,tse1,東証一部,svc,サービス,http://www.solasto.co.jp/,"1,270～1,400",,"1,300","9,835(OA1,475)",100
3543,3543,2016/06/29,（株）コメダホールディングス,tse1,東証一部,wht,卸売,http://www.komeda-holdings.co.jp/,"1,780～1,960",,"1,960","26,700(OA4,000)",100
3542,3542,2016/06/28,（株）ベガコーポレーション,mothers,マザーズ,ret,小売,http://www.vega-c.com/,"1,440～1,600",410,"1,600",430(OA126),100
6198,6198,2016/06/27,（株）キャリア,mothers,マザーズ,svc,サービス,http://careergift.co.jp/,"1,850～1,950",150,"1,950",345(OA74.2),100
6193,6193,2016/06/23,バーチャレクス・コンサルティング（株）,mothers,マザーズ,svc,サービス,http://www.virtualex.co.jp/,"1,030～1,090",120,"1,090",964(OA162.6),100
7187,7187,2016/06/22,ジェイリース（株）,mothers,マザーズ,ofb,その他金融,https://www.j-lease.jp/,"3,000～3,100",150,"3,100",135(OA42),100
6196,6196,2016/06/21,（株）ストライク,mothers,マザーズ,svc,サービス,http://www.strike.co.jp/,"2,940～3,440",166,"3,440",61.5(OA34.1),100
3937,3937,2016/06/21,（株）ＡＷＳホールディングス,mothers,マザーズ,ifc,情報・通信,http://www.aws-hd.com/,"2,290～2,490",110,"2,490",(OA16.5),100
2820,2820,2016/06/17,（株）やまみ,jasdaqst,JQスタンダード,fds,食料品,http://www.yamami.co.jp/,"1,650～1,690",720,"1,690",350(OA160.5),100
3541,3541,2016/06/16,（株）農業総合研究所,mothers,マザーズ,wht,卸売,http://www.nousouken.co.jp/,"1,010～1,050",270,"1,050",100(OA55.5),100
6195,6195,2016/06/15,（株）ホープ,mothers,マザーズ,svc,サービス,http://www.zaigenkakuho.com,"1,300～1,400",110,"1,400",158.5(OA40.2),100
6194,6194,2016/06/15,（株）アトラエ,mothers,マザーズ,svc,サービス,https://atrae.co.jp/,"5,030～5,400",95,"5,400",129(OA33.6),100
3539,3539,2016/04/21,（株）ジャパンミート,tse2,東証二部,ret,小売,http://www.japanmeat.co.jp/,"910～1,010","3,750","1,010",450(OA630),100
2130,2130,2016/04/21,（株）メンバーズ,tse2,東証二部,svc,サービス,http://www.members.co.jp/,,,,,100
3936,3936,2016/04/19,（株）グローバルウェイ,mothers,マザーズ,ifc,情報・通信,http://www.globalway.co.jp/,"2,760～2,960",100,"2,960",30(OA19.5),100
3935,3935,2016/04/15,（株）エディア,mothers,マザーズ,ifc,情報・通信,http://www.edia.co.jp/,"1,510～1,630",160,"1,630",83(OA36.4),100
6192,6192,2016/04/05,ハイアス・アンド・カンパニー（株）,mothers,マザーズ,svc,サービス,http://www.hyas.co.jp/,850～950,470,950,(OA70),100
6191,6191,2016/03/31,（株）エボラブルアジア,mothers,マザーズ,svc,サービス,http://www.evolableasia.com/,"1,660～1,800",620,"1,800",377.2(OA149.5),100
3922,3922,2016/03/31,（株）ＰＲ　ＴＩＭＥＳ,mothers,マザーズ,ifc,情報・通信,http://prtimes.co.jp/,"1,220～1,340",460,"1,340",300(OA114),100
3934,3934,2016/03/24,（株）ベネフィットジャパン,mothers,マザーズ,ifc,情報・通信,http://www.benefitjapan.co.jp/,"1,680～1,980",250,"1,980",200(OA67.5),100
3538,3538,2016/03/24,（株）ウイルプラスホールディングス,jasdaqst,JQスタンダード,ret,小売,http://www.willplus.co.jp/,"1,730～1,880",400.1,"1,880",124(OA78.6),100
3933,3933,2016/03/22,チエル（株）,jasdaqst,JQスタンダード,ifc,情報・通信,http://www.chieru.co.jp/,730～810,140,810,317(OA68.5),100
9466,9466,2016/03/18,（株）アイドママーケティングコミュニケーション,mothers,マザーズ,ifc,情報・通信,https://www.e-aidma.co.jp/,"1,300～1,440",700,"1,440",900(OA240),100
7185,7185,2016/03/18,ヒロセ通商（株）,jasdaqst,JQスタンダード,scf,証券,http://hirose-fx.co.jp/,800～830,570,830,530(OA165),100
6237,6237,2016/03/18,（株）イワキ（銘柄名：（株）イワキポンプ）,tse2,東証二部,mac,機械,http://www.iwakipumps.jp/,"1,900～2,000",600,"2,000",(OA90),100
6190,6190,2016/03/18,（株）フェニックスバイオ,mothers,マザーズ,svc,サービス,http://www.phoenixbio.co.jp/,"1,800～2,400",300,"2,400",110(OA61.5),100
6189,6189,2016/03/18,（株）グローバルグループ,mothers,マザーズ,svc,サービス,http://www.globalg.co.jp/,"1,900～2,000","1,250","2,000",576.3(OA250),100
3467,3467,2016/03/18,アグレ都市デザイン（株）,jasdaqst,JQスタンダード,ree,不動産,http://agr-urban.co.jp/,"1,670～1,730",240,"1,730",(OA36),100
3932,3932,2016/03/17,（株）アカツキ,mothers,マザーズ,ifc,情報・通信,http://aktsk.jp/,"1,800～1,930","2,200","1,930","1,100(OA495)",100
3537,3537,2016/03/16,昭栄薬品（株）,jasdaqst,JQスタンダード,wht,卸売,http://www.shoei-yakuhin.co.jp/,"1,330～1,350",200,"1,350",100(OA45),100
7184,7184,2016/03/15,（株）富山第一銀行,tse1,東証一部,bnk,銀行,http://www.first-bank.co.jp/,440～470,"5,660",470,(OA840),100
6615,6615,2016/03/15,ユー・エム・シー・エレクトロニクス（株）,tse1,東証一部,ela,電気機器,http://www.umc.co.jp/,"3,000～3,100","1,613","3,000",450(OA309.4),100
6188,6188,2016/03/15,富士ソフトサービスビューロ（株）,jasdaqst,JQスタンダード,svc,サービス,http://www.fsisb.co.jp/,800～890,352,890,352(OA105.6),100
6187,6187,2016/03/14,（株）LITALICO,mothers,マザーズ,svc,サービス,http://litalico.co.jp/,"930～1,000",320,"1,000","1,218(OA230.7)",100
1436,1436,2016/03/11,（株）フィット,mothers,マザーズ,con,建設,http://www.fit-group.jp/,"1,750～1,890","1,070","1,890",(OA100),100
2424,2424,2016/03/09,（株）ブラス,mothers,マザーズ,svc,サービス,http://www.brass.ne.jp/,"4,000～4,370",200,"4,370",(OA30),100
2884,2884,2016/03/04,（株）ヨシムラ・フード・ホールディングス,mothers,マザーズ,fds,食料品,http://y-food-h.com/index.html,820～880,300,880,(OA45),100
7811,7811,2016/03/03,中本パックス（株）,tse2,東証二部,otp,その他製品,http://www.npacks.co.jp/,"1,440～1,470",550,"1,470",570.8(OA168.1),100
3931,3931,2016/03/02,（株）バリューゴルフ,mothers,マザーズ,ifc,情報・通信,http://corp.valuegolf.co.jp/,"1,220～1,280",320,"1,280",(OA48),100
3930,3930,2016/02/24,（株）はてな,mothers,マザーズ,ifc,情報・通信,http://hatenacorp.jp/,700～800,370,800,385(OA113.2),100
6186,6186,2015/12/25,（株）一蔵,tse2,東証二部,svc,サービス,http://www.ichikura.jp/,"1,150～1,210","1,500","1,210",512.1(OA301.8),100
4463,4463,2015/12/25,日華化学（株）,tse2,東証二部,che,化学,http://www.nicca.co.jp/,,,,,100
3929,3929,2015/12/24,ソーシャルワイヤー（株）,mothers,マザーズ,ifc,情報・通信,http://www.socialwire.net/,"1,480～1,600",170,"1,600",370(OA81),100
3465,3465,2015/12/24,ケイアイスター不動産（株）,tse2,東証二部,ree,不動産,http://www.ki-group.co.jp/,"1,130～1,200","1,050","1,200","1,050(OA315)",100
6185,6185,2015/12/22,ソネット・メディア・ネットワークス（株）,mothers,マザーズ,svc,サービス,http://www.so-netmedia.jp/,"2,150～2,300",600,"2,300",(OA90),100
3464,3464,2015/12/22,プロパティエージェント（株）,jasdaqst,JQスタンダード,ree,不動産,http://www.propertyagent.co.jp,"1,360～1,400",460,"1,400",40(OA75),100
9416,9416,2015/12/21,（株）ビジョン,mothers,マザーズ,ifc,情報・通信,http://www.vision-net.co.jp/,"1,800～2,000","1,870","2,000",425(OA344.2),100
3928,3928,2015/12/21,（株）マイネット,mothers,マザーズ,ifc,情報・通信,http://mynet.co.jp/,"1,500～1,680",600,"1,680",254(OA128.1),100
6238,6238,2015/12/18,フリュー（株）,tse1,東証一部,mac,機械,http://www.furyu.jp/,"3,000～3,200",732,"3,200",732(OA219.6),100
3927,3927,2015/12/18,（株）アークン,mothers,マザーズ,ifc,情報・通信,http://www.ahkun.jp/,"1,230～1,360",300,"1,360",200(OA75),100
4595,4595,2015/12/17,（株）ミズホメディー,jasdaqst,JQスタンダード,pha,医薬品,http://www.mizuho-m.co.jp/,"980～1,100",217.5,"1,100",108.5(OA48.9),100
3926,3926,2015/12/17,（株）オープンドア,mothers,マザーズ,ifc,情報・通信,http://www.opendoor.co.jp/,"3,500～3,820",50,"3,820",773(OA120),100
6464,6464,2015/12/16,（株）ツバキ・ナカシマ,tse1,東証一部,mac,機械,http://www.tsubaki.com/jp/,"1,500～1,650",,"1,550","19,264.7(OA963.3)",100
3925,3925,2015/12/15,（株）ダブルスタンダード,mothers,マザーズ,ifc,情報・通信,http://www.double-std.com/,"2,030～2,190",200,"2,190",475(OA30),100
3924,3924,2015/12/11,（株）ランドコンピュータ,tse2,東証二部,ifc,情報・通信,http://www.rand.co.jp/,"1,710～1,760",323.5,"1,760",100(OA63.5),100
3923,3923,2015/12/09,（株）ラクス,mothers,マザーズ,ifc,情報・通信,http://www.rakus.co.jp/,"920～1,080",400,"1,080",(OA60),100
6184,6184,2015/12/04,（株）鎌倉新書,mothers,マザーズ,svc,サービス,http://www.kamakura-net.co.jp/,"920～1,000",150,"1,000",350(OA75),100
1435,1435,2015/12/03,（株）インベスターズクラウド,mothers,マザーズ,con,建設,http://www.e-inv.co.jp/,"1,730～1,870",420,"1,870",670(OA163.5),100
3921,3921,2015/11/27,（株）ネオジャパン,mothers,マザーズ,ifc,情報・通信,http://www.neo.co.jp/,"2,710～2,900",110,"2,900",110(OA33),100
6183,6183,2015/11/20,（株）ベルシステム２４ホールディングス,tse1,東証一部,svc,サービス,http://www.bell24hd.co.jp/jp/,"1,500～1,720","3,102.9","1,555","29,400(OA4,875.4)",100
7183,7183,2015/11/19,あんしん保証（株）,mothers,マザーズ,ofb,その他金融,http://www.srgs.co.jp/,"1,320～1,460",110,"1,460",100(OA30),100
6182,6182,2015/11/19,（株）ロゼッタ,mothers,マザーズ,svc,サービス,http://www.rozetta.jp/,645～695,347.9,695,(OA52.1),100
2686,2686,2015/11/10,（株）ジーフット,tse1,東証一部,ret,小売,http://www.g-foot.co.jp/,,516,"1,032","2,720(OA485.4)",100
7182,7182,2015/11/04,（株）ゆうちょ銀行,tse1,東証一部,bnk,銀行,http://www.jp-bank.japanpost.jp/,"1,250～1,450",,"1,450","412,442.3",100
7181,7181,2015/11/04,（株）かんぽ生命保険,tse1,東証一部,ins,保険,http://www.jp-life.japanpost.jp/,"1,900～2,200",,"2,200","66,000",100
6178,6178,2015/11/04,日本郵政（株）,tse1,東証一部,svc,サービス,http://www.japanpost.jp/,"1,100～1,400",,"1,400","495,000",100
3418,3418,2015/10/28,（株）バルニバービ,mothers,マザーズ,ret,小売,http://www.balnibarbi.com/,"2,350～2,500",255,"2,500",238(OA73.9),100
6181,6181,2015/10/27,（株）パートナーエージェント,mothers,マザーズ,svc,サービス,http://www.p-a.jp/,"1,160～1,260",248,"1,260",328(OA86.4),100
6180,6180,2015/10/23,ＧＭＯメディア（株）,mothers,マザーズ,svc,サービス,http://www.gmo-media.jp/,"2,500～2,740",396,"2,740",72.8(OA70.3),100
4594,4594,2015/10/22,（株）グリーンペプタイド,mothers,マザーズ,pha,医薬品,http://www.green-peptide.com/,450～550,"6,500",450,"6,052.9(OA1,882.9)",100
6177,6177,2015/10/15,ＡｐｐＢａｎｋ（株）,mothers,マザーズ,svc,サービス,http://www.appbank.co.jp/,"1,140～1,200",178,"1,200","1,114(OA193.8)",100
9099,9099,2015/10/01,（株）Ｃ＆Ｆロジホールディングス,tse1,東証一部,ldt,陸運,http://www.cflogi.co.jp/,,,,,100
7180,7180,2015/10/01,（株）九州フィナンシャルグループ,tse1,東証一部,bnk,銀行,http://www.kyushu-fg.co.jp/,,,,,100
5021,5021,2015/10/01,コスモエネルギーホールディングス（株）,tse1,東証一部,,-,http://ceh.cosmo-oil.co.jp/,,,,,100
3417,3417,2015/10/01,大木ヘルスケアホールディングス（株）,jasdaqst,JQスタンダード,wht,卸売,http://www.ohki-net.co.jp/,,,,,100
6176,6176,2015/09/17,（株）ブランジスタ,mothers,マザーズ,svc,サービス,http://www.brangista.com/,400～450,"1,200",450,"1,200(OA360)",100
3920,3920,2015/09/15,アイビーシー（株）,mothers,マザーズ,ifc,情報・通信,http://www.ibc21.co.jp/,"2,840～2,920",160,"2,920",209.8(OA55.4),100
3416,3416,2015/09/14,ピクスタ（株）,mothers,マザーズ,ret,小売,https://pixta.co.jp/,"1,830～1,870",180,"1,870",277.9(OA68.4),100
1434,1434,2015/09/08,ＪＥＳＣＯホールディングス（株）,tse2,東証二部,con,建設,http://www.jesco.co.jp/,510～540,"1,600",540,400(OA300),100
3415,3415,2015/09/02,（株）ＳＴＵＤＩＯＵＳ,mothers,マザーズ,ret,小売,http://www.studious.co.jp/,"2,770～2,870",119,"2,870",215(OA50.1),100
1433,1433,2015/09/02,ベステラ（株）,mothers,マザーズ,con,建設,http://www.besterra.co.jp/,"2,400～2,500",220,"2,500",40(OA39),100
3919,3919,2015/09/01,パイプドＨＤ（株）,tse1,東証一部,ifc,情報・通信,http://www.pipedohd.com,,,,,100
6173,6173,2015/08/31,（株）アクアライン,mothers,マザーズ,svc,サービス,http://www.aqualine.jp/,"1,150～1,250",300,"1,250",(OA40),100
6172,6172,2015/08/28,（株）メタップス,mothers,マザーズ,svc,サービス,http://corp.metaps.com/,"3,000～3,300","1,152","3,300","1,578(OA273)",100
3139,3139,2015/08/28,（株）ラクト・ジャパン,tse2,東証二部,wht,卸売,http://www.lactojapan.com/,"1,300～1,400",780,"1,400",594(OA206.1),100
6171,6171,2015/08/26,（株）土木管理総合試験所,tse2,東証二部,svc,サービス,http://www.dksiken.co.jp/,"1,200～1,250",700,"1,250",430(OA169.5),100
1401,1401,2015/08/13,（株）エムビーエス,mothers,マザーズ,con,建設,http://www.homemakeup.co.jp/,,122.4,"2,966",(OA18.3),100
3461,3461,2015/08/11,（株）パルマ,mothers,マザーズ,ree,不動産,http://www.palma.jp/,"1,250～1,350",235,"1,350",165(OA50),100
3918,3918,2015/08/04,ＰＣＩホールディングス（株）,mothers,マザーズ,ifc,情報・通信,http://www.pci-h.co.jp/,"2,330～2,530",200,"2,530",160(OA54),100
6049,6049,2015/07/30,（株）イトクロ,mothers,マザーズ,svc,サービス,http://www.itokuro.jp/,"1,630～1,930","1,230","1,930","1,690(OA438)",100
4980,4980,2015/07/29,デクセリアルズ（株）,tse1,東証一部,che,化学,http://www.dexerials.jp/,"1,450～1,600",,"1,600","49,363(OA4,686)",100
3917,3917,2015/07/16,（株）アイリッジ,mothers,マザーズ,ifc,情報・通信,http://iridge.jp/,"1,150～1,200",250,"1,200",80(OA49.5),100
7781,7781,2015/07/10,（株）平山,jasdaqst,JQスタンダード,pri,精密機器,http://www.hirayamastaff.co.jp/index.html,"2,030～2,130",260,"2,130",160(OA63),100
7812,7812,2015/07/08,（株）クレステック,jasdaqst,JQスタンダード,otp,その他製品,http://www.crestec.co.jp/,910～960,191,960,213.9(OA59),100
3138,3138,2015/07/07,（株）富士山マガジンサービス,mothers,マザーズ,ret,小売,http://www.fujisan.co.jp/,"2,500～2,650",50,"2,650",129.8(OA26.9),100
6239,6239,2015/06/29,（株）ナガオカ,jasdaqst,JQスタンダード,mac,機械,http://www.nagaokajapan.co.jp/,"1,440～1,600",300,"1,600",100(OA50),100
7780,7780,2015/06/25,（株）メニコン,tse1,東証一部,pri,精密機器,http://www.menicon.co.jp/,"1,630～1,700","1,500","1,700",800(OA345),100
6167,6167,2015/06/25,冨士ダイス（株）,tse2,東証二部,mac,機械,http://www.fujidie.co.jp/,500～530,,530,"4,415(OA662)",100
3137,3137,2015/06/25,（株）ファンデリー,mothers,マザーズ,ret,小売,http://www.fundely.co.jp/,725～765,300,765,706(OA150.9),100
6166,6166,2015/06/24,（株）中村超硬,mothers,マザーズ,mac,機械,http://www.nakamura-gp.co.jp/,"1,640～1,700",600,"1,700","1,353(OA292.9)",100
3916,3916,2015/06/18,デジタル・インフォメーション・テクノロジー（株）,jasdaqst,JQスタンダード,ifc,情報・通信,http://www.ditgroup.jp/,"1,200～1,300",250,"1,300",230(OA72),100
3135,3135,2015/06/17,（株）マーケットエンタープライズ,mothers,マザーズ,ret,小売,http://www.marketenterprise.co.jp/,"1,430～1,500",200,"1,500",230(OA64.5),100
9417,9417,2015/06/16,（株）スマートバリュー,jasdaqst,JQスタンダード,ifc,情報・通信,http://www.smartvalue.ad.jp/,"1,500～1,580",280,"1,580",60(OA51),100
7945,7945,2015/06/16,コマニー（株）,tse2,東証二部,otp,その他製品,http://www.comany.co.jp/,,,,,100
4593,4593,2015/06/16,（株）ヘリオス,mothers,マザーズ,pha,医薬品,https://www.healios.co.jp/,"1,100～1,200","6,060","1,200",(OA909),100
6048,6048,2015/04/30,（株）デザインワン・ジャパン,mothers,マザーズ,svc,サービス,http://www.designone.jp/,"2,450～2,750",400,"2,750",200(OA90),100
3915,3915,2015/04/30,（株）テラスカイ,mothers,マザーズ,ifc,情報・通信,http://www.terrasky.co.jp/,"1,580～1,700",200,"1,700",(OA30),100
6047,6047,2015/04/28,（株）Gunosy,mothers,マザーズ,svc,サービス,http://gunosy.co.jp/,"1,460～1,520","3,500","1,520","2,410(OA886.5)",100
6046,6046,2015/04/28,（株）リンクバル,mothers,マザーズ,svc,サービス,http://linkbal.co.jp/,"2,100～2,400",250,"2,400",550(OA80),100
3914,3914,2015/04/28,ジグソー（株）,mothers,マザーズ,ifc,情報・通信,http://www.jig-saw.com/,"2,090～2,390",200,"2,390",50 (OA37.5),100
6045,6045,2015/04/24,（株）レントラックス,mothers,マザーズ,svc,サービス,https://www.rentracks.co.jp/,"1,630～1,750",369,"1,750",(OA55),100
6044,6044,2015/04/24,（株）三機サービス,jasdaqst,JQスタンダード,svc,サービス,http://www.sanki-s.co.jp,"1,440～1,540",250,"1,540",250 (OA75),100
6040,6040,2015/04/22,日本スキー場開発（株）,mothers,マザーズ,svc,サービス,http://www.nippon-ski.jp/,"3,330～3,570",62,"3,570",560 (OA93.3),100
3458,3458,2015/04/21,（株）シーアールイー,tse2,東証二部,ree,不動産,http://www.cre-jpn.com/,"3,450～3,620","1,457.9","3,620",(OA218.6),100
3134,3134,2015/04/20,Ｈａｍｅｅ（株）,mothers,マザーズ,ret,小売,http://hamee.co.jp/,"2,230～2,530",310,"2,530",87 (OA59.5),100
3133,3133,2015/04/17,（株）海帆,mothers,マザーズ,ret,小売,http://www.kaihan.co.jp/,"950～1,020",300,"1,020",300 (OA90),100
4592,4592,2015/04/08,サンバイオ（株）,mothers,マザーズ,pha,医薬品,http://www.sanbio.jp/,"1,600～2,000","4,000","2,000","2,500 (OA975)",100
7177,7177,2015/04/01,ＧＭＯクリックホールディングス（株）,jasdaqst,JQスタンダード,scf,証券,http://www.gmo-click.com,,,,,100
3132,3132,2015/04/01,マクニカ・富士エレホールディングス（株）,tse1,東証一部,wht,卸売,http://www.macfehd.co.jp/,,,,,100
3913,3913,2015/03/27,（株）sMedio,mothers,マザーズ,ifc,情報・通信,http://www.smedio.co.jp/,"2,400～2,520",168.4,"2,520",209.1 (OA55),100
7813,7813,2015/03/26,（株）プラッツ,mothers,マザーズ,otp,その他製品,http://www.platz-ltd.co.jp/,"3,000～3,260",120,"3,260",41.4 (OA24.2),100
6039,6039,2015/03/26,（株）日本動物高度医療センター,mothers,マザーズ,svc,サービス,http://www.jarmec.co.jp/,"1,080～1,130",133,"1,130",592.3 (OA108.7),100
3912,3912,2015/03/26,（株）モバイルファクトリー,mothers,マザーズ,ifc,情報・通信,http://www.mobilefactory.jp/,"1,310～1,410",245,"1,410",702 (OA134),100
3911,3911,2015/03/25,（株）Aiming,mothers,マザーズ,ifc,情報・通信,http://aiming-inc.com/,900～920,"2,400",920,"3,200 (OA840)",100
3457,3457,2015/03/25,（株）ハウスドゥ,mothers,マザーズ,ree,不動産,http://www.housedo.co.jp/,"3,430～3,600",123,"3,600",63.1 (OA27.9),100
3131,3131,2015/03/25,シンデン・ハイテックス（株）,jasdaqst,JQスタンダード,wht,卸売,http://www.shinden.co.jp/,"2,640～2,740",100,"2,740",26 (OA18.9),100
6038,6038,2015/03/24,（株）イード,mothers,マザーズ,svc,サービス,http://www.iid.co.jp/,"1,300～1,400",350,"1,400",598.7 (OA142.3),100
3445,3445,2015/03/24,（株）ＲＳ　Ｔｅｃｈｎｏｌｏｇｉｅｓ,mothers,マザーズ,mep,金属製品,http://www.rs-tec.jp/,"2,550～2,750",330,"2,750",750 (OA162),100
1430,1430,2015/03/24,ファーストコーポレーション（株）,mothers,マザーズ,con,建設,http://1st-corp.com/index.html,"1,530～1,600",252.5,"1,600",390 (OA96.3),100
3909,3909,2015/03/19,（株）ショーケース・ティービー,mothers,マザーズ,ifc,情報・通信,http://www.showcase-tv.com/,"1,680～1,800",150,"1,800",150 (OA45),100
3232,3232,2015/03/19,三重交通グループホールディングス（株）,tse1,東証一部,ree,不動産,http://holdings.sanco.co.jp/,,,,,100
3224,3224,2015/03/19,（株）ヒューマンウェブ,mothers,マザーズ,ret,小売,http://www.oysterbar.co.jp/,"1,700～1,800",200,"1,800",182.3 (OA57.3),100
3223,3223,2015/03/19,（株）エスエルディー,jasdaqst,JQスタンダード,ret,小売,http://www.sld-inc.com/,"1,500～1,650",150,"1,650",103 (OA37.9),100
3910,3910,2015/03/17,（株）エムケイシステム,jasdaqst,JQスタンダード,ifc,情報・通信,http://www.mks.jp/,"3,300～3,500",80,"3,500",60 (OA21),100
3908,3908,2015/03/17,（株）コラボス,mothers,マザーズ,ifc,情報・通信,https://www.collabos.com/,"3,260～3,620",83.4,"3,620",79.6 (OA24.4),100
3222,3222,2015/03/02,ユナイテッド・スーパーマーケット・ホールディングス（株）,tse1,東証一部,ret,小売,http://www.usmh.co.jp/,,,,,100
3907,3907,2015/02/23,シリコンスタジオ（株）,mothers,マザーズ,ifc,情報・通信,http://www.siliconstudio.co.jp/,"4,200～4,900",270,"4,900",280 (OA82.5),100
1384,1384,2015/02/20,（株）ホクリヨウ,tse2,東証二部,faf,水産・農林,http://www.hokuryo.co.jp/,430～460,"1,300",460,900 (OA330),100
3906,3906,2015/02/19,（株）ALBERT,mothers,マザーズ,ifc,情報・通信,http://www.albert2005.co.jp/,"2,600～2,800",200,"2,800",108.8 (OA46.3),100
6037,6037,2015/02/18,（株）ファーストロジック,mothers,マザーズ,svc,サービス,http://www.firstlogic.co.jp/,"1,600～1,770",600,"1,770",70 (OA100.5),100
3454,3454,2015/02/18,ファーストブラザーズ（株）,mothers,マザーズ,ree,不動産,http://www.firstbrothers.com/,"1,920～2,040","1,300","2,040","1,200 (OA375)",100
6036,6036,2015/02/12,KeePer技研（株）,mothers,マザーズ,svc,サービス,http://www.keepercoating.jp/corp/,"2,000～2,120",600,"2,120",200 (OA120),100
6035,6035,2015/02/02,（株）アイ・アールジャパンホールディングス,jasdaqst,JQスタンダード,svc,サービス,http://www.irjapan.jp/,,,,,100
7814,7814,2015/01/05,（株）日本創発グループ,jasdaqst,JQスタンダード,otp,その他製品,http://www.jcpg.co.jp/,,,,,100
6034,6034,2014/12/26,ＭＲＴ（株）,mothers,マザーズ,svc,サービス,,750～800,480,800,250 (OA109.5),100
3252,3252,2014/12/26,日本商業開発（株）,tse1,東証一部,ree,不動産,,,"2,000","2,352","1,000 (OA450)",100
7815,7815,2014/12/25,東京ボード工業（株）,tse2,東証二部,otp,その他製品,,"1,980～2,180",100,"2,180",360 (OA60),100
6033,6033,2014/12/25,（株）エクストリーム,mothers,マザーズ,svc,サービス,,"1,320～1,400",250,"1,400",(OA37.5),100
3904,3904,2014/12/25,（株）カヤック,mothers,マザーズ,ifc,情報・通信,,530～560,989,560,390 (OA206.8),100
3905,3905,2014/12/24,データセクション（株）,mothers,マザーズ,ifc,情報・通信,,460～520,850,520,"1,360 (OA331.5)",100
3221,3221,2014/12/24,（株）ヨシックス,jasdaqst,JQスタンダード,ret,小売,,"2,490～2,640",225,"2,640",150 (OA56.2),100
3199,3199,2014/12/24,綿半ホールディングス（株）,tse2,東証二部,ret,小売,,540～640,"1,400",640,"1,010 (OA361.5)",100
9517,9517,2014/12/22,イーレックス（株）,mothers,マザーズ,epg,電気・ガス,,"1,120～1,170","4,000","1,170",(OA600),100
6032,6032,2014/12/22,（株）インターワークス,mothers,マザーズ,svc,サービス,,"1,720～1,750",270,"1,750",650 (OA138),100
3261,3261,2014/12/22,（株）グランディーズ,mothers,マザーズ,ree,不動産,,,200,"2,016",(OA30),100
2139,2139,2014/12/22,（株）中広,tse2,東証二部,svc,サービス,,,,,,100
9551,9551,2014/12/19,メタウォーター（株）,tse1,東証一部,epg,電気・ガス,,"2,400～2,550","10,000","2,400","(OA1,500)",100
6031,6031,2014/12/19,サイジニア（株）,mothers,マザーズ,svc,サービス,,"2,280～2,560",258.5,"2,560",136 (OA59.1),100
6030,6030,2014/12/18,（株）アドベンチャー,mothers,マザーズ,svc,サービス,,"2,300～2,500",330,"2,500",(OA49.5),100
3903,3903,2014/12/18,（株）gumi,tse1,東証一部,ifc,情報・通信,,"3,000～3,300","1,500","3,300","10,367.2 (OA1,780)",100
2883,2883,2014/12/18,（株）大冷,tse2,東証二部,fds,食料品,,"1,700～1,800",700,"1,800",800 (OA225),100
7175,7175,2014/12/17,今村証券（株）,jasdaqst,JQスタンダード,scf,証券,,"1,150～1,350",500,"1,350",(OA75),100
4248,4248,2014/12/17,竹本容器（株）,tse2,東証二部,che,化学,,880～900,445,900,305 (OA112.5),100
2586,2586,2014/12/17,（株）フルッタフルッタ,mothers,マザーズ,fds,食料品,,"4,130～4,290",100,"4,290",120 (OA33),100
9418,9418,2014/12/16,（株）Ｕ－ＮＥＸＴ,mothers,マザーズ,ifc,情報・通信,,"2,910～3,000",960,"3,000",400 (OA204),100
7953,7953,2014/12/16,菊水化学工業（株）,tse2,東証二部,otp,その他製品,,,"1,827",609,(OA273),100
6029,6029,2014/12/16,アトラ（株）,mothers,マザーズ,svc,サービス,,690～740,700,740,100 (OA120),100
3902,3902,2014/12/16,メディカル・データ・ビジョン（株）,mothers,マザーズ,ifc,情報・通信,,"4,980～5,180",170,"5,180",70.6 (OA36),100
3901,3901,2014/12/16,マークラインズ（株）,jasdaqst,JQスタンダード,ifc,情報・通信,,"1,780～1,980",214.8,"1,980",97.4 (OA15),100
3198,3198,2014/12/16,ＳＦＰダイニング（株）,tse2,東証二部,ret,小売,,"1,740～2,040","7,100","1,940",(OA355),100
6028,6028,2014/12/15,テクノプロ・ホールディングス（株）,tse1,東証一部,svc,サービス,,"1,800～1,950",,"1,950","23,700 (OA3,555)",100
3900,3900,2014/12/12,（株）クラウドワークス,mothers,マザーズ,ifc,情報・通信,,720～760,"1,650",760,200 (OA277.5),100
7816,7816,2014/12/11,（株）スノーピーク,mothers,マザーズ,otp,その他製品,,"2,150～2,300",280,"2,300",44 (OA48.6),100
6027,6027,2014/12/11,弁護士ドットコム（株）,mothers,マザーズ,svc,サービス,,"1,050～1,230",370,"1,230",750 (OA168),100
6026,6026,2014/12/11,ＧＭＯ　ＴＥＣＨ（株）,mothers,マザーズ,svc,サービス,,"5,000～5,800",100,"5,800",175.2 (OA41.2),100
3452,3452,2014/12/11,（株）ビーロット,mothers,マザーズ,ree,不動産,,"1,810～2,010",100,"2,010",(OA15),100
3698,3698,2014/11/27,（株）ＣＲＩ・ミドルウェア,mothers,マザーズ,ifc,情報・通信,,"2,100～2,400",110,"2,400",166(OA40),100
2930,2930,2014/11/21,（株）北の達人コーポレーション,tse2,東証二部,fds,食料品,,,340,838,113(OA67),100
3697,3697,2014/11/13,（株）ＳＨＩＦＴ,mothers,マザーズ,ifc,情報・通信,,"1,210～1,300",100,"1,300",420(OA78),100
6099,6099,2014/11/07,（株）エラン,mothers,マザーズ,svc,サービス,,"1,620～1,750",500,"1,750",517(OA152.5),100
9467,9467,2014/10/30,（株）アルファポリス,mothers,マザーズ,ifc,情報・通信,,"2,100～2,200",675,"2,200",450(OA168.7),100
3696,3696,2014/10/22,（株）セレス,mothers,マザーズ,ifc,情報・通信,,"1,660～1,860",590,"1,860",(OA50),100
3694,3694,2014/10/22,（株）オプティム,mothers,マザーズ,ifc,情報・通信,,"3,700～4,000",229.9,"4,000",(OA34.4),100
3695,3695,2014/10/21,ＧＭＯリサーチ（株）,mothers,マザーズ,ifc,情報・通信,,"2,000～2,100",190,"2,100",262.4(OA67.8),100
6098,6098,2014/10/16,（株）リクルートホールディングス,tse1,東証一部,svc,サービス,,"2,800～3,100","29,506.2","3,100","34,070(OA5,397.9)",100
3197,3197,2014/10/09,（株）すかいらーく,tse1,東証一部,ret,小売,,"1,200～1,450","4,138","1,200","51,528.8(OA7,092.8)",100
6240,6240,2014/10/08,ヤマシンフィルタ（株）,tse2,東証二部,mac,機械,,"2,700～2,800",300,"2,800",210(OA76.5),100
8365,8365,2014/10/02,（株）富山銀行,tse2,東証二部,bnk,銀行,,,,,,1000
9468,9468,2014/10/01,（株）ＫＡＤＯＫＡＷＡ・ＤＷＡＮＧＯ,tse1,東証一部,ifc,情報・通信,,,,,,100
7173,7173,2014/10/01,（株）東京ＴＹフィナンシャルグループ,tse1,東証一部,bnk,銀行,,,,,,100
2060,2060,2014/10/01,フィード・ワンホールディングス（株）,tse1,東証一部,fds,食料品,,,,,,100
3692,3692,2014/09/30,（株）ＦＦＲＩ,mothers,マザーズ,ifc,情報・通信,,"1,340～1,450",140,"1,450",193(OA49.9),100
3196,3196,2014/09/30,（株）ホットランド,mothers,マザーズ,ret,小売,,"2,010～2,110",816.5,"2,110",942.2(OA263.8),100
4591,4591,2014/09/25,（株）リボミック,mothers,マザーズ,pha,医薬品,,"2,000～2,300","1,200","2,300",964(OA324.6),100
3195,3195,2014/09/24,（株）ジェネレーションパス,mothers,マザーズ,ret,小売,,"1,090～1,200",216,"1,200",190(OA60.9),100
3300,3300,2014/09/19,（株）ＡＭＢＩＴＩＯＮ,mothers,マザーズ,ree,不動産,,860～960,296,960,300(OA20),100
3691,3691,2014/09/18,（株）リアルワールド,mothers,マザーズ,ifc,情報・通信,,"2,330～2,530",270.4,"2,530",220.7(OA73.6),100
3690,3690,2014/09/17,（株）ロックオン,mothers,マザーズ,ifc,情報・通信,,"1,200～1,300",200,"1,300",143(OA51.4),100
7172,7172,2014/09/11,（株）ジャパンインベストメントアドバイザー,mothers,マザーズ,scf,証券,,"2,350～2,550",120,"2,550",262.5(OA57.3),100
3194,3194,2014/08/18,（株）キリン堂ホールディングス,tse1,東証一部,ret,小売,,,,,,100
6097,6097,2014/07/23,日本ビューホテル（株）,tse2,東証二部,svc,サービス,,"1,900～2,200",125,"2,200","1,000(OA135)",100
3689,3689,2014/07/15,（株）イグニス,mothers,マザーズ,ifc,情報・通信,,"1,700～1,900",460,"1,900",733(OA178.9),100
3193,3193,2014/07/10,（株）鳥貴族,jasdaqst,JQスタンダード,ret,小売,,"2,590～2,800",300,"2,800",160(OA69),100
3688,3688,2014/07/02,（株）ＶＯＹＡＧＥ　ＧＲＯＵＰ,mothers,マザーズ,ifc,情報・通信,,"2,200～2,400",500,"2,400","3,300(OA570)",100
6096,6096,2014/06/27,（株）レアジョブ,mothers,マザーズ,svc,サービス,,"1,080～1,170",100,"1,170",160(OA39),100
6095,6095,2014/06/27,メドピア（株）,mothers,マザーズ,svc,サービス,,"3,700～4,000",160,"4,000",75(OA35.2),100
4979,4979,2014/06/25,ＯＡＴアグリオ（株）,tse2,東証二部,che,化学,,"4,000～4,200",100,"4,200",700(OA120),100
6094,6094,2014/06/24,（株）フリークアウト,mothers,マザーズ,svc,サービス,,"1,910～2,000",530,"2,000",165(OA104.2),100
3299,3299,2014/06/18,（株）ムゲンエステート,mothers,マザーズ,ree,不動産,,"1,100～1,200","2,300","1,200",300(OA390),100
7169,7169,2014/06/16,（株）ニュートン・フィナンシャル・コンサルティング,jasdaqst,JQスタンダード,ins,保険,,"3,000～3,320",,"3,320",637(OA95.5),100
3297,3297,2014/05/22,（株）東武住販,jasdaqst,JQスタンダード,ree,不動産,,"1,050～1,250",270,"1,250",87(OA53),100
9024,9024,2014/04/23,（株）西武ホールディングス,tse1,東証一部,ldt,陸運,,"1,600～1,800",,"1,600","27,826",100
3687,3687,2014/04/23,（株）フィックスターズ,mothers,マザーズ,ifc,情報・通信,,"3,350～3,450",100,"3,450",24(OA18.6),100
3192,3192,2014/04/23,（株）白鳩,jasdaqst,JQスタンダード,ret,小売,,480～520,570,520,570(OA171),100
3191,3191,2014/04/18,（株）ジョイフル本田,tse1,東証一部,ret,小売,,"2,450～2,700",,"2,700","3,814.6(OA290)",100
9090,9090,2014/04/08,（株）丸和運輸機関,tse2,東証二部,ldt,陸運,,"3,140～3,400",600,"3,400",200(OA120),100
6616,6616,2014/04/08,トレックス・セミコンダクター（株）,jasdaqst,JQスタンダード,ela,電気機器,,"4,500～5,000",350,"5,000",352.3(OA105.3),100
1333,1333,2014/04/01,マルハニチロ（株）,tse1,東証一部,faf,水産・農林,,,,,,100
6093,6093,2014/03/28,（株）エスクロー・エージェント・ジャパン,jasdaqst,JQスタンダード,svc,サービス,,"2,600～2,700",80,"2,700",80(OA24),100
7779,7779,2014/03/26,ＣＹＢＥＲＤＹＮＥ（株）,mothers,マザーズ,pri,精密機器,,"2,700～3,700","1,222","3,700",895.7(OA304.2),100
3686,3686,2014/03/26,（株）ディー・エル・イー,mothers,マザーズ,ifc,情報・通信,,"1,050～1,200",800,"1,200",501(OA195.1),100
3685,3685,2014/03/25,（株）みんなのウェディング,mothers,マザーズ,ifc,情報・通信,,"2,580～2,800",850,"2,800",629.7(OA221.9),100
3190,3190,2014/03/20,（株）ホットマン,jasdaqst,JQスタンダード,ret,小売,,470～520,"1,820",520,(OA273),100
6740,6740,2014/03/19,（株）ジャパンディスプレイ,tse1,東証一部,ela,電気機器,,"900～1,100","140,000",900,"213,900(OA18,000)",100
6810,6810,2014/03/18,日立マクセル（株）,tse1,東証一部,ela,電気機器,,"1,990～2,070",,"2,070","35,227.7(OA1,772.3)",100
4246,4246,2014/03/13,ダイキョーニシカワ（株）,tse1,東証一部,che,化学,,"1,450～1,600","3,300","1,600",355.5(OA548.3),100
9414,9414,2014/03/12,日本ＢＳ放送（株）,tse2,東証二部,ifc,情報・通信,,"1,680～1,820","1,380","1,820",950(OA349.5),100
6092,6092,2014/03/12,（株）エンバイオ・ホールディングス,mothers,マザーズ,svc,サービス,,550～580,"1,050",580,78.5(OA169.2),100
3683,3683,2014/03/06,（株）サイバーリンクス,jasdaqst,JQスタンダード,ifc,情報・通信,,"2,200～2,400",250,"2,400",(OA37.5),100
8285,8285,2014/02/17,三谷産業（株）,tse2,東証二部,wht,卸売,,,,,,"1,000"
4589,4589,2014/02/13,Acucela Inc.,mothers,マザーズ,pha,医薬品,,"1,650～1,800","9,200","1,800","(OA1,380)",100
7475,7475,2014/02/03,アルビス（株）,tse2,東証二部,ret,小売,,,,,,1000
6091,6091,2014/02/03,（株）ウエスコホールディングス,tse2,東証二部,svc,サービス,,,,,,100
1663,1663,2014/01/06,Ｋ＆Ｏエナジーグループ（株）,tse1,東証一部,,-,,,,,,100
6090,6090,2013/12/24,ヒューマン・メタボローム・テクノロジーズ（株）,mothers,マザーズ,svc,サービス,,"1,300～1,400",850,"1,400",571.5(OA150),100
7167,7167,2013/12/19,（株）足利ホールディングス,tse1,東証一部,bnk,銀行,,400～420,"55,000",420,"(OA8,250)",100
6089,6089,2013/12/19,（株）ウィルグループ,tse2,東証二部,svc,サービス,,"2,770～2,870",333.2,"2,870",405.1(OA110.7),100
6086,6086,2013/12/19,シンプロメンテ（株）,mothers,マザーズ,svc,サービス,,910～950,200,950,150(OA52.5),100
4245,4245,2013/12/19,（株）ダイキアクシス,tse2,東証二部,che,化学,,"1,200～1,300",500,"1,300",200(OA105),100
6088,6088,2013/12/18,（株）シグマクシス,mothers,マザーズ,svc,サービス,,"2,830～3,010",211.7,"3,010","1,377.3(OA238.3)",100
6087,6087,2013/12/18,（株）アビスト,jasdaqst,JQスタンダード,svc,サービス,,"3,250～3,450",450,"3,450",74.4(OA78.6),100
6085,6085,2013/12/18,アーキテクツ・スタジオ・ジャパン（株）,mothers,マザーズ,svc,サービス,,"1,850～2,050",250,"2,050",50(OA45),100
3294,3294,2013/12/18,（株）イーグランド,jasdaqst,JQスタンダード,ree,不動産,,"3,030～3,300",250,"3,300",100(OA52.5),100
3293,3293,2013/12/17,アズマハウス（株）,jasdaqst,JQスタンダード,ree,不動産,,"1,500～1,600",550,"1,600",575(OA168.7),100
1429,1429,2013/12/13,（株）日本アクア,mothers,マザーズ,con,建設,,"1,480～1,650","1,570","1,650",(OA235.5),100
6084,6084,2013/12/11,（株）オウチーノ,mothers,マザーズ,svc,サービス,,"3,300～3,500",130,"3,500",10.2(OA20),100
3682,3682,2013/12/11,エンカレッジ・テクノロジ（株）,mothers,マザーズ,ifc,情報・通信,,"1,550～1,730",330,"1,730",317.6(OA97.1),100
3681,3681,2013/12/10,（株）ブイキューブ,mothers,マザーズ,ifc,情報・通信,,"3,000～3,300",600,"3,300",567.7(OA175.1),100
3680,3680,2013/12/09,（株）ホットリンク,mothers,マザーズ,ifc,情報・通信,,"2,570～2,700",188.8,"2,700",280(OA70.3),100
4588,4588,2013/12/06,オンコリスバイオファーマ（株）,mothers,マザーズ,pha,医薬品,,"2,420～2,600","1,820","2,600",400(OA333),100
6082,6082,2013/12/03,（株）ライドオン・エクスプレス,mothers,マザーズ,svc,サービス,,"1,790～2,000",250,"2,000",790(OA156),100
6083,6083,2013/12/02,ＥＲＩホールディングス（株）,tse1,東証一部,svc,サービス,,,,,,100
6081,6081,2013/11/29,アライドアーキテクツ（株）,mothers,マザーズ,svc,サービス,,"1,500～1,700",400,"1,700",262.5(OA99.3),100
3166,3166,2013/11/25,ＯＣＨＩホールディングス（株）,tse2,東証二部,wht,卸売,,,,,,100
3679,3679,2013/11/22,（株）じげん,mothers,マザーズ,ifc,情報・通信,,500～600,"1,000",600,"7,550(OA1,282.5)",100
6080,6080,2013/11/20,Ｍ＆Ａキャピタルパートナーズ（株）,mothers,マザーズ,svc,サービス,,"2,800～3,000",150,"3,000",(OA22.5),100
3678,3678,2013/11/20,（株）メディアドゥ,mothers,マザーズ,ifc,情報・通信,,"3,000～3,300",270,"3,300",70(OA51),100
3189,3189,2013/11/19,（株）ＡＮＡＰ,jasdaqst,JQスタンダード,ret,小売,,"960～1,000",320,"1,000",150(OA70.5),100
3291,3291,2013/11/01,飯田グループホールディングス（株）,tse1,東証一部,ree,不動産,,,,,,100
3677,3677,2013/10/22,（株）システム情報,jasdaqst,JQスタンダード,ifc,情報・通信,,700～740,400,740,200(OA90),100
6079,6079,2013/10/08,（株）エナリス,mothers,マザーズ,svc,サービス,,240～280,"4,170",280,"3,600(OA1,160)",100
6078,6078,2013/10/04,（株）バリューＨＲ,jasdaqst,JQスタンダード,svc,サービス,,"1,800～2,000",245,"2,000",115(OA54),100
8370,8370,2013/10/01,（株）紀陽銀行,tse1,東証一部,bnk,銀行,,,,,,100
7315,7315,2013/10/01,ＩＪＴテクノロジーホールディングス（株）,tse2,東証二部,tre,輸送用機器,,,,,,100
4275,4275,2013/10/01,カーリットホールディングス（株）,tse1,東証一部,che,化学,,,,,,100
3676,3676,2013/10/01,（株）ハーツユナイテッドグループ,tse1,東証一部,ifc,情報・通信,,,,,,100
3289,3289,2013/10/01,東急不動産ホールディングス（株）,tse1,東証一部,ree,不動産,,,,,,100
5698,5698,2013/09/25,（株）エンビプロ・ホールディングス,tse2,東証二部,ias,鉄鋼,,630～700,"1,620",700,(OA243),100
3288,3288,2013/09/20,（株）オープンハウス,tse1,東証一部,ree,不動産,,"1,580～1,780","5,400","1,780","2,575(OA400)",100
3359,3359,2013/09/17,（株）タイセイ,mothers,マザーズ,wht,卸売,,,600,"1,231",140(OA111),100
3187,3187,2013/09/13,（株）サンワカンパニー,mothers,マザーズ,ret,小売,,870～950,380,950,(OA57),100
6077,6077,2013/08/29,（株）Ｎ・フィールド,mothers,マザーズ,svc,サービス,,"1,300～1,500",355,"1,500",55(OA61.5),100
3186,3186,2013/07/30,（株）ネクステージ,mothers,マザーズ,ret,小売,,"1,500～1,700",637,"1,700",80(OA107.5),100
6075,6075,2013/07/10,（株）フォトクリエイト,mothers,マザーズ,svc,サービス,,"1,470～1,670",100,"1,670",100(OA30),100
3185,3185,2013/07/10,夢展望（株）,mothers,マザーズ,ret,小売,,"2,400～2,600",300,"2,600",100.3(OA60),100
3811,3811,2013/07/09,（株）ビットアイル,tse1,東証一部,ifc,情報・通信,,,"2,217.2",934,"2,880(OA764.5)",100
2587,2587,2013/07/03,サントリー食品インターナショナル（株）,tse1,東証一部,fds,食料品,,"3,000～3,800","93,000","3,100","26,000(OA6,200)",100
3286,3286,2013/07/01,トラストホールディングス（株）,mothers,マザーズ,ree,不動産,,,,,,100
6292,6292,2013/06/24,（株）カワタ,tse2,東証二部,mac,機械,,,,,,"1,000"
2485,2485,2013/06/21,（株）ティア,tse2,東証二部,svc,サービス,,,,,,100
6134,6134,2013/06/20,富士機械製造（株）,tse1,東証一部,mac,機械,,,,,,100
4587,4587,2013/06/11,ペプチドリーム（株）,mothers,マザーズ,pha,医薬品,,"1,920～2,500","1,660","2,500","1,040(OA405)",100
3675,3675,2013/06/03,（株）クロス・マーケティンググループ,mothers,マザーズ,ifc,情報・通信,,,,,,100
3046,3046,2013/05/30,（株）ジェイアイエヌ,tse1,東証一部,ret,小売,,,,"5,432",600(OA90),100
3674,3674,2013/04/25,（株）オークファン,mothers,マザーズ,ifc,情報・通信,,"2,280～2,600",242,"2,600",78(OA48),100
6065,6065,2013/04/24,サクセスホールディングス（株）,tse2,東証二部,svc,サービス,,,,,,100
1420,1420,2013/04/09,サンヨーホームズ（株）,tse2,東証二部,con,建設,,600～700,"1,800",700,(OA270),100
4828,4828,2013/04/04,東洋ビジネスエンジニアリング（株）,tse2,東証二部,ifc,情報・通信,,,,,,100
2222,2222,2013/04/03,寿スピリッツ（株）,tse2,東証二部,fds,食料品,,,,,,100
3863,3863,2013/04/01,日本製紙（株）,tse1,東証一部,pap,パルプ・紙,,,,,,100
3284,3284,2013/04/01,（株）フージャースホールディングス,tse1,東証一部,ree,不動産,,,,,,100
1419,1419,2013/03/27,タマホーム（株）,tse1,東証一部,con,建設,,870～980,"6,500",980,"1,539(OA1,205.8)",100
3673,3673,2013/03/22,（株）ブロードリーフ,tse1,東証一部,ifc,情報・通信,,"1,040～1,080","2,300","1,080","16,480(OA2,813)",100
3082,3082,2013/03/22,（株）きちり,tse2,東証二部,ret,小売,,,,,,100
3794,3794,2013/03/21,エヌ・デーソフトウェア（株）,tse2,東証二部,ifc,情報・通信,,,,,,100
7215,7215,2013/03/19,（株）ファルテック,tse2,東証二部,tre,輸送用機器,,"3,750～3,940",347.5,"3,940",560(OA100),100
6073,6073,2013/03/19,（株）アサンテ,tse2,東証二部,svc,サービス,,900～930,"1,000",930,"1,600(OA390)",100
9428,9428,2013/03/15,（株）クロップス,tse2,東証二部,ifc,情報・通信,,,,,,100
9025,9025,2013/03/15,鴻池運輸（株）,tse1,東証一部,ldt,陸運,,"980～1,020","2,550","1,020","3,425.7(OA896.3)",100
8920,8920,2013/03/15,（株）東祥,tse2,東証二部,svc,サービス,,,600,"1,194",2000(OA200),100
2588,2588,2013/03/15,（株）ウォーターダイレクト,mothers,マザーズ,fds,食料品,,"1,000～1,200",250,"1,200",(OA37.5),100
3672,3672,2013/03/14,（株）オルトプラス,mothers,マザーズ,ifc,情報・通信,,"1,400～1,500",900,"1,500",456.5(OA203),100
3182,3182,2013/03/13,オイシックス（株）,mothers,マザーズ,ret,小売,,"1,000～1,200",500,"1,200",200(OA105),100
3671,3671,2013/03/12,ソフトマックス（株）,mothers,マザーズ,ifc,情報・通信,,"1,100～1,300",300,"1,300",200(OA75),100
6750,6750,2013/03/08,エレコム（株）,tse1,東証一部,ela,電気機器,,,"1,500","1,407",1200(OA400),100
8728,8728,2013/03/01,（株）マネースクウェア・ジャパン,tse2,東証二部,scf,証券,,,,,,1
3180,3180,2013/02/14,（株）ビューティガレージ,mothers,マザーズ,wht,卸売,,"2,100～2,300",95,"2,300",124(OA20),100
4586,4586,2013/02/13,（株）メドレックス,mothers,マザーズ,pha,医薬品,,"800～1,000","2,202.2","1,000",128.2(OA349.5),100
8697,8697,2013/01/04,（株）日本取引所グループ,tse1,東証一部,ofb,その他金融,,,,,,100
3361,3361,2012/12/26,（株）トーエル,tse2,東証二部,ret,小売,,,"1,000",452,"1,000(OA300)",100
6072,6072,2012/12/21,地盤ネット（株）,mothers,マザーズ,svc,サービス,,700～720,384,720,400(OA117),100
6165,6165,2012/12/20,パンチ工業（株）,tse2,東証二部,mac,機械,,510～560,"1,300",560,600(OA285),100
3179,3179,2012/12/20,シュッピン（株）,mothers,マザーズ,ret,小売,,310～330,750,330,200(OA142.5),100
2931,2931,2012/12/20,（株）ユーグレナ,mothers,マザーズ,fds,食料品,,"1,580～1,700",500,"1,700",50.5(OA80),100
7164,7164,2012/12/19,全国保証（株）,tse1,東証一部,ofb,その他金融,,930～980,"7,350",980,"2,137.8(OA1,423.1)",100
3669,3669,2012/12/19,モバイルクリエイト（株）,mothers,マザーズ,ifc,情報・通信,,"2,700～3,000",106.8,"3,000",120.2(OA34),100
3178,3178,2012/12/14,チムニー（株）,tse2,東証二部,ret,小売,,"1,000～1,050","1,000","1,000","7,900(OA1,322)",100
2384,2384,2012/12/14,ＳＢＳホールディングス（株）,tse2,東証二部,ldt,陸運,,,,,,100
4929,4929,2012/12/13,（株）アジュバンコスメジャパン,tse2,東証二部,che,化学,,"1,250～1,350",750,"1,250",250(OA150),100
3668,3668,2012/12/13,（株）コロプラ,mothers,マザーズ,ifc,情報・通信,,"2,700～3,000",780,"3,000",540(OA132),100
4585,4585,2012/12/11,（株）ＵＭＮファーマ,mothers,マザーズ,pha,医薬品,,"1,300～1,600","2,150","1,300",700(OA427.5),100
4290,4290,2012/12/11,（株）プレステージ・インターナショナル,tse2,東証二部,svc,サービス,,,,784,"1,388(OA208)",100
3667,3667,2012/12/11,（株）enish,mothers,マザーズ,ifc,情報・通信,,760～800,50,800,"1,040(OA159)",100
6879,6879,2012/12/07,（株）イマジカ・ロボット　ホールディングス,tse2,東証二部,ifc,情報・通信,,,"2,850",355,(OA420),100
3276,3276,2012/12/07,日本管理センター（株）,tse2,東証二部,ree,不動産,,,,,,100
5932,5932,2012/12/01,三協立山（株）,tse1,東証一部,mep,金属製品,,,,,,100
4584,4584,2012/11/30,（株）ジーンテクノサイエンス,mothers,マザーズ,pha,医薬品,,"1,200～1,500",580,"1,200",289.9(OA130),100
2882,2882,2012/11/27,イートアンド（株）,tse2,東証二部,fds,食料品,,,,,,100
3280,3280,2012/11/21,（株）エストラスト,mothers,マザーズ,ree,不動産,,"1,250～1,350",250,"1,350",83.8(OA50),100
3844,3844,2012/11/16,コムチュア（株）,tse2,東証二部,ifc,情報・通信,,,,,,100
6070,6070,2012/11/15,キャリアリンク（株）,mothers,マザーズ,svc,サービス,,400～440,600,420,780(OA207),100
3896,3896,2012/10/23,阿波製紙（株）,tse2,東証二部,pap,パルプ・紙,,330～370,"1,900",370,600(OA375),100
3176,3176,2012/10/23,三洋貿易（株）,tse2,東証二部,wht,卸売,,420～460,"2,600",460,260(OA429),100
6069,6069,2012/10/19,トレンダーズ（株）,mothers,マザーズ,svc,サービス,,"2,300～2,550",270,"2,550",(OA40.5),100
8524,8524,2012/10/01,（株）北洋銀行,tse1,東証一部,bnk,銀行,,,,,,100
7161,7161,2012/10/01,（株）じもとホールディングス,tse1,東証一部,bnk,銀行,,,,,,100
6617,6617,2012/10/01,（株）東光高岳ホールディングス,tse1,東証一部,ela,電気機器,,,,,,100
5703,5703,2012/10/01,日本軽金属ホールディングス（株）,tse1,東証一部,nfm,非鉄金属,,,,,,100
5413,5413,2012/10/01,日新製鋼ホールディングス（株）,tse1,東証一部,ias,鉄鋼,,,,,,100
6067,6067,2012/09/28,（株）メディアフラッグ,mothers,マザーズ,svc,サービス,,800～900,50,900,130(OA27),100
6284,6284,2012/09/26,日精エー・エス・ビー機械（株）,tse2,東証二部,mac,機械,,,,,,100
3175,3175,2012/09/25,（株）エー・ピーカンパニー,mothers,マザーズ,ret,小売,,"2,150～2,350",350,"2,350",195(OA81.7),100
9201,9201,2012/09/19,日本航空（株）,tse1,東証一部,ait,空運,,"3,500～3,790",,"3,790","175,000",100
2169,2169,2012/09/12,ＣＤＳ（株）,tse2,東証二部,svc,サービス,,,,,,1
3235,3235,2012/09/07,トラストパーク（株）,mothers,マザーズ,ree,不動産,,,4,"32,832",3(OA1.05),1
3271,3271,2012/09/06,（株） THEグローバル社,tse2,東証二部,ree,不動産,,,320,408,900(OA180),100
7646,7646,2012/08/20,（株）ＰＬＡＮＴ,tse2,東証二部,ret,小売,,,"1,000",583,360(OA200),100
3665,3665,2012/07/24,（株）エニグモ,mothers,マザーズ,ifc,情報・通信,,"1,550～1,750",120,"1,750",52.5(OA25.8),100
3654,3654,2012/07/24,（株）ヒト・コミュニケーションズ,tse2,東証二部,ifc,情報・通信,,,,,,100
9419,9419,2012/07/19,（株）ワイヤレスゲート,mothers,マザーズ,ifc,情報・通信,,"1,150～1,200",300,"1,200",153.4(OA68),100
6064,6064,2012/07/13,（株）アクトコール,mothers,マザーズ,svc,サービス,,"1,600～1,700",90,"1,700",160.7(OA32),100
3161,3161,2012/06/28,アゼアス（株）,tse2,東証二部,wht,卸売,,,,,,100
3664,3664,2012/06/26,（株）モブキャスト,mothers,マザーズ,ifc,情報・通信,,640～800,350,800,338.5(OA80),100
6618,6618,2012/06/22,（株）大泉製作所,mothers,マザーズ,ela,電気機器,,290～350,300,350,222,100
2924,2924,2012/05/30,イフジ産業（株）,tse2,東証二部,fds,食料品,,,,,,100
8732,8732,2012/05/28,（株）マネーパートナーズグループ,tse2,東証二部,scf,証券,,,,,,1
6785,6785,2012/05/28,（株）鈴木,tse2,東証二部,ela,電気機器,,,,,,100
2419,2419,2012/05/24,日本ＥＲＩ（株）,tse2,東証二部,svc,サービス,,,,,,100
3662,3662,2012/04/04,（株）エイチーム,mothers,マザーズ,ifc,情報・通信,,"1,000～1,080",300,"1,080",5(OA45.7),100
3663,3663,2012/04/02,アートスパークホールディングス（株）,tse2,東証二部,ifc,情報・通信,,,,,,100
8110,8110,2012/04/01,ＪＦＥ商事（株）,tse1,東証一部,wht,卸売,,,,,,100
8230,8230,2012/03/29,（株）はせがわ,tse2,東証二部,ret,小売,,,,,,100
2612,2612,2012/03/29,かどや製油（株）,tse2,東証二部,fds,食料品,,,,,,100
6058,6058,2012/03/27,（株）ベクトル,mothers,マザーズ,svc,サービス,,"940～1,000",500,"1,000",250(OA30),100
4926,4926,2012/03/22,（株）シーボン,tse2,東証二部,che,化学,,,,,,100
7157,7157,2012/03/15,ライフネット生命保険（株）,mothers,マザーズ,ins,保険,,"1,000～1,200","8,340","1,000","2,433(OA1,600)",100
6920,6920,2012/03/14,レーザーテック（株）,tse2,東証二部,ela,電気機器,,,,,,100
3661,3661,2012/03/14,（株）エムアップ,mothers,マザーズ,ifc,情報・通信,,"1,050～1,130",176.5,"1,130",247.8(OA63.6),100
2427,2427,2012/03/12,（株）アウトソーシング,tse2,東証二部,svc,サービス,,,,,,100
3660,3660,2012/03/08,（株）アイスタイル,mothers,マザーズ,ifc,情報・通信,,760～840,450,840,525.5(OA109),100
4636,4636,2012/03/02,（株）　Ｔ＆Ｋ　ＴＯＫＡ,tse2,東証二部,che,化学,,,,,,100
2326,2326,2012/02/28,デジタルアーツ（株）,tse2,東証二部,ifc,情報・通信,,,,,,1
2499,2499,2012/02/27,日本和装ホールディングス（株）,tse2,東証二部,svc,サービス,,,,,,1
3644,3644,2012/02/06,１ｓｔホールディングス（株）,tse2,東証二部,ifc,情報・通信,,,,,,100
2198,2198,2012/01/20,アイ・ケイ・ケイ（株）,tse2,東証二部,svc,サービス,,,,,,100
